Name,Category,CategoryID,GO,Description,PARENT_GO,LogP,Enrichment,Z-score,#TotalGeneInLibrary,#GeneInGO,#GeneInHitList,#GeneInGOAndHitList,%InGO,STDV %InGO,GeneID,Hits,Log(q-value)
MyList,Reactome Gene Sets,6,R-DME-9864848,Complex IV assembly,,-9.3,7.8,9.1,5330,21,425,13,3.1,0.84,32989|33918|35279|37388|37728|41432|46040|317928|3346177|5740746|19893533|19893535|19893540,COX6B|COX5B|COX4|CG15653|levy|COX5A|cype|ND-MLRQ|CG33506|COX7AL2|COX1|COX2|COX3,-7.1
MyList,GO Biological Processes,19,GO:0006123,"mitochondrial electron transport, cytochrome c to oxygen",19_GO:0009987 cellular process,-9.1,9.2,9.4,5330,15,425,11,2.6,0.77,33918|35279|37728|41432|46040|50266|317928|5740746|19893533|19893535|19893540,COX5B|COX4|levy|COX5A|cype|COX7B|ND-MLRQ|COX7AL2|COX1|COX2|COX3,-6.9
MyList,Reactome Gene Sets,6,R-DME-9707564,Cytoprotection by HMOX1,,-7.8,6.3,7.9,5330,26,425,13,3.1,0.84,32225|32989|33918|35279|36382|37728|41432|46040|317928|5740746|19893533|19893535|19893540,Smr|COX6B|COX5B|COX4|Sin3A|levy|COX5A|cype|ND-MLRQ|COX7AL2|COX1|COX2|COX3,-5.7
MyList,KEGG Pathway,24,dme00981,Insect hormone biosynthesis - Drosophila melanogaster (fruit fly),,-6.4,7.5,7.4,5330,15,425,9,2.1,0.7,32058|32128|33856|34256|37181|37182|39528|251984|3355165,Antdh|CG9360|CG9150|Aldh|Jheh2|Jheh3|CG8757|Jheh1|CG40485,-4.4
MyList,Reactome Gene Sets,6,R-DME-5628897,TP53 Regulates Metabolic Genes,,-5.4,4.3,6,5330,38,425,13,3.1,0.84,31137|32989|33918|35279|37728|40201|41432|46040|317928|5740746|19893533|19893535|19893540,Lamtor5|COX6B|COX5B|COX4|levy|gig|COX5A|cype|ND-MLRQ|COX7AL2|COX1|COX2|COX3,-3.5
MyList,KEGG Pathway,24,dme00983,Drug metabolism - other enzymes - Drosophila melanogaster (fruit fly),,-4.7,3.4,5.2,5330,56,425,15,3.5,0.9,33718|36467|37106|37107|37113|37420|37421|39392|41334|41503|41896|44058|48335|53511|318913,CG8891|GstE14|GstE1|GstE2|GstE8|Ugt49B1|Ugt49C1|Est-6|Ugt35A1|GstD1|AOX3|Ugt36A1|GstD2|Ugt37D1|CG33178,-2.9
MyList,KEGG Pathway,24,dme00982,Drug metabolism - cytochrome P450 - Drosophila melanogaster (fruit fly),,-4.5,3.9,5.3,5330,39,425,12,2.8,0.8,36467|37106|37107|37113|37420|37421|41334|41503|44058|48335|53511|318913,GstE14|GstE1|GstE2|GstE8|Ugt49B1|Ugt49C1|Ugt35A1|GstD1|Ugt36A1|GstD2|Ugt37D1|CG33178,-2.8
MyList,Reactome Gene Sets,6,R-DME-9753281,Paracetamol ADME,,-4.3,5.3,5.5,5330,19,425,8,1.9,0.66,37420|37421|37742|37743|41333|41334|44058|53511,Ugt49B1|Ugt49C1|St1|St3|Ugt35B1|Ugt35A1|Ugt36A1|Ugt37D1,-2.5
MyList,KEGG Pathway,24,dme00980,Metabolism of xenobiotics by cytochrome P450 - Drosophila melanogaster (fruit fly),,-4.3,3.7,5.1,5330,41,425,12,2.8,0.8,36467|37106|37107|37113|37420|37421|41334|41503|44058|48335|53511|318913,GstE14|GstE1|GstE2|GstE8|Ugt49B1|Ugt49C1|Ugt35A1|GstD1|Ugt36A1|GstD2|Ugt37D1|CG33178,-2.5
MyList,GO Biological Processes,19,GO:0006955,immune response,19_GO:0002376 immune system process,-4,2.3,4.4,5330,125,425,23,5.4,1.1,31529|32099|32832|33569|34383|35182|35211|35862|35910|36993|37183|37184|37967|39115|39123|39683|40081|40541|41087|41379|42791|318626|3354965,CG6067|PGRP-SA|psh|Thor|CG5390|CG17572|fon|PGRP-SC2|PPO2|Dcr-2|DptA|DptB|key|CG3088|CG8329|AGO2|Mkp3|MP1|Rel|PGRP-LB|SPE|CG31205|CG40160,-2.3
MyList,GO Biological Processes,19,GO:0040003,chitin-based cuticle development,19_GO:0032502 developmental process,-4,2.6,4.5,5330,86,425,18,4.2,0.98,33613|34052|34809|34811|34812|36193|36194|36348|36353|36525|36868|36880|37104|37415|38508|38710|43259|43657,fred|Acp1|Vajk1|Vajk2|Vajk3|Cpr47Ee|Cpr47Ef|Cpr49Ac|Cpr49Ag|Cpr50Cb|Idgf6|resilin|Idgf5|Pu|Cpr64Aa|Acp65Aa|Cpr97Eb|Cpr100A,-2.2
MyList,Reactome Gene Sets,6,R-DME-211945,Phase I - Functionalization of compounds,,-3.9,3.9,4.9,5330,32,425,10,2.4,0.74,32170|33755|34256|37181|37182|39392|40005|41330|45524|251984,Cyp311a1|Cyp4ac2|Aldh|Jheh2|Jheh3|Est-6|Cyp312a1|CG4757|Cyp4p1|Jheh1,-2.2
MyList,GO Biological Processes,19,GO:0042335,cuticle development,19_GO:0032502 developmental process,-3.8,2.4,4.3,5330,104,425,20,4.7,1,33613|34052|34809|34811|34812|36193|36194|36348|36353|36525|36868|36880|37104|37415|38508|38710|42521|43259|43657|117361,fred|Acp1|Vajk1|Vajk2|Vajk3|Cpr47Ee|Cpr47Ef|Cpr49Ac|Cpr49Ag|Cpr50Cb|Idgf6|resilin|Idgf5|Pu|Cpr64Aa|Acp65Aa|e|Cpr97Eb|Cpr100A|FASN2,-2.1
MyList,GO Biological Processes,19,GO:0045087,innate immune response,19_GO:0002376 immune system process,-3.8,2.5,4.3,5330,89,425,18,4.2,0.98,31529|32099|32832|34383|35182|35211|35862|35910|36993|39115|39123|39683|40541|41087|41379|42791|318626|3354965,CG6067|PGRP-SA|psh|CG5390|CG17572|fon|PGRP-SC2|PPO2|Dcr-2|CG3088|CG8329|AGO2|MP1|Rel|PGRP-LB|SPE|CG31205|CG40160,-2.1
MyList,GO Biological Processes,19,GO:0006575,modified amino acid metabolic process,19_GO:0009987 cellular process,-3.5,2.8,4.2,5330,63,425,14,3.3,0.87,32399|32775|35407|36467|37106|37107|37113|37415|37699|39276|41503|41561|48335|318913,CG5321|Gss1|CG8665|GstE14|GstE1|GstE2|GstE8|Pu|Mthfs|CG7560|GstD1|Gnmt|GstD2|CG33178,-1.8
MyList,GO Biological Processes,19,GO:0050996,positive regulation of lipid catabolic process,19_GO:0048518 positive regulation of biological process,-3.3,13,5.9,5330,3,425,3,0.71,0.41,32677|39550|42810,Nprl2|Nprl3|Lsd-1,-1.7
MyList,GO Biological Processes,19,GO:0097176,epoxide metabolic process,19_GO:0009987 cellular process,-3.3,13,5.9,5330,3,425,3,0.71,0.41,37181|37182|251984,Jheh2|Jheh3|Jheh1,-1.7
MyList,GO Biological Processes,19,GO:0016115,terpenoid catabolic process,19_GO:0009987 cellular process,-3.3,13,5.9,5330,3,425,3,0.71,0.41,37181|37182|251984,Jheh2|Jheh3|Jheh1,-1.7
MyList,GO Biological Processes,19,GO:0016107,sesquiterpenoid catabolic process,19_GO:0009987 cellular process,-3.3,13,5.9,5330,3,425,3,0.71,0.41,37181|37182|251984,Jheh2|Jheh3|Jheh1,-1.7
MyList,GO Biological Processes,19,GO:0010898,positive regulation of triglyceride catabolic process,19_GO:0048518 positive regulation of biological process,-3.3,13,5.9,5330,3,425,3,0.71,0.41,32677|39550|42810,Nprl2|Nprl3|Lsd-1,-1.7
MyList,GO Biological Processes,19,GO:0006719,juvenile hormone catabolic process,19_GO:0065007 biological regulation,-3.3,13,5.9,5330,3,425,3,0.71,0.41,37181|37182|251984,Jheh2|Jheh3|Jheh1,-1.7
MyList,GO Biological Processes,19,GO:0042447,hormone catabolic process,19_GO:0065007 biological regulation,-3.3,13,5.9,5330,3,425,3,0.71,0.41,37181|37182|251984,Jheh2|Jheh3|Jheh1,-1.7
MyList,Reactome Gene Sets,6,R-DME-9748784,Drug ADME,,-3.3,2.7,4,5330,66,425,14,3.3,0.87,33718|37420|37421|37742|37743|38315|39392|40078|41330|41333|41334|43642|44058|53511,CG8891|Ugt49B1|Ugt49C1|St1|St3|CG16758|Est-6|Acp76A|CG4757|Ugt35B1|Ugt35A1|Spn100A|Ugt36A1|Ugt37D1,-1.6
MyList,KEGG Pathway,24,dme00900,Terpenoid backbone biosynthesis - Drosophila melanogaster (fruit fly),,-3.2,4.4,4.5,5330,20,425,7,1.6,0.62,32058|32128|33856|39528|42803|3355165|3772247,Antdh|CG9360|CG9150|CG8757|Hmgcr|CG40485|Mvk,-1.6
MyList,GO Biological Processes,19,GO:0019646,aerobic electron transport chain,19_GO:0009987 cellular process,-3.2,2.6,3.9,5330,67,425,14,3.3,0.87,33918|35279|37728|41432|46040|50266|317928|5740185|5740746|19893529|19893533|19893535|19893540|19893549,COX5B|COX4|levy|COX5A|cype|COX7B|ND-MLRQ|UQCR-11|COX7AL2|ND2|COX1|COX2|COX3|ND5,-1.6
MyList,GO Biological Processes,19,GO:0140546,defense response to symbiont,19_GO:0044419 biological process involved in interspecies interaction between organisms,-3.1,2.1,3.7,5330,125,425,21,4.9,1.1,31529|32099|32832|33569|34383|35182|35211|35862|35910|36993|37183|37967|39115|39123|39683|40541|41087|41379|42791|318626|3354965,CG6067|PGRP-SA|psh|Thor|CG5390|CG17572|fon|PGRP-SC2|PPO2|Dcr-2|DptA|key|CG3088|CG8329|AGO2|MP1|Rel|PGRP-LB|SPE|CG31205|CG40160,-1.5
MyList,GO Biological Processes,19,GO:0002808,regulation of antibacterial peptide biosynthetic process,19_GO:0002376 immune system process,-3.1,4.2,4.3,5330,21,425,7,1.6,0.62,32099|32832|35862|37967|41087|41379|42791,PGRP-SA|psh|PGRP-SC2|key|Rel|PGRP-LB|SPE,-1.5
MyList,GO Biological Processes,19,GO:0042775,mitochondrial ATP synthesis coupled electron transport,19_GO:0009987 cellular process,-3.1,2.5,3.8,5330,69,425,14,3.3,0.87,33918|35279|37728|41432|46040|50266|317928|5740185|5740746|19893529|19893533|19893535|19893540|19893549,COX5B|COX4|levy|COX5A|cype|COX7B|ND-MLRQ|UQCR-11|COX7AL2|ND2|COX1|COX2|COX3|ND5,-1.5
MyList,GO Biological Processes,19,GO:0042773,ATP synthesis coupled electron transport,19_GO:0009987 cellular process,-3.1,2.5,3.8,5330,69,425,14,3.3,0.87,33918|35279|37728|41432|46040|50266|317928|5740185|5740746|19893529|19893533|19893535|19893540|19893549,COX5B|COX4|levy|COX5A|cype|COX7B|ND-MLRQ|UQCR-11|COX7AL2|ND2|COX1|COX2|COX3|ND5,-1.5
MyList,Reactome Gene Sets,6,R-DME-3000178,ECM proteoglycans,,-3,4.7,4.4,5330,16,425,6,1.4,0.57,31002|31322|31940|40236|318958|7354433,Appl|DIP-alpha|CG15312|Spn77Bc|DIP-kappa|DIP-epsilon,-1.4
MyList,KEGG Pathway,24,dme00053,Ascorbate and aldarate metabolism - Drosophila melanogaster (fruit fly),,-3,4.7,4.4,5330,16,425,6,1.4,0.57,34256|37420|37421|41334|44058|53511,Aldh|Ugt49B1|Ugt49C1|Ugt35A1|Ugt36A1|Ugt37D1,-1.4
MyList,Reactome Gene Sets,6,R-DME-9757110,Prednisone ADME,,-2.9,3.6,4,5330,28,425,8,1.9,0.66,37420|37421|40078|41333|41334|43642|44058|53511,Ugt49B1|Ugt49C1|Acp76A|Ugt35B1|Ugt35A1|Spn100A|Ugt36A1|Ugt37D1,-1.4
MyList,GO Biological Processes,19,GO:0051707,response to other organism,19_GO:0044419 biological process involved in interspecies interaction between organisms,-2.9,1.7,3.4,5330,239,425,33,7.8,1.3,31529|32099|32821|32832|33569|33853|34383|34440|34838|35049|35182|35211|35837|35862|35910|36040|36993|37183|37184|37743|37967|38513|39115|39123|39683|40541|40780|41087|41379|42299|42791|318626|3354965,CG6067|PGRP-SA|Tsf1|psh|Thor|CG13994|CG5390|RluA-2|l(2)34Fc|SPH93|CG17572|fon|Cyp6a13|PGRP-SC2|PPO2|TER94|Dcr-2|DptA|DptB|St3|key|ImpL2|CG3088|CG8329|AGO2|MP1|CG17919|Rel|PGRP-LB|CG42359|SPE|CG31205|CG40160,-1.4
MyList,GO Biological Processes,19,GO:0043207,response to external biotic stimulus,19_GO:0050896 response to stimulus,-2.9,1.7,3.4,5330,239,425,33,7.8,1.3,31529|32099|32821|32832|33569|33853|34383|34440|34838|35049|35182|35211|35837|35862|35910|36040|36993|37183|37184|37743|37967|38513|39115|39123|39683|40541|40780|41087|41379|42299|42791|318626|3354965,CG6067|PGRP-SA|Tsf1|psh|Thor|CG13994|CG5390|RluA-2|l(2)34Fc|SPH93|CG17572|fon|Cyp6a13|PGRP-SC2|PPO2|TER94|Dcr-2|DptA|DptB|St3|key|ImpL2|CG3088|CG8329|AGO2|MP1|CG17919|Rel|PGRP-LB|CG42359|SPE|CG31205|CG40160,-1.4
MyList,GO Biological Processes,19,GO:0009607,response to biotic stimulus,19_GO:0050896 response to stimulus,-2.9,1.7,3.4,5330,239,425,33,7.8,1.3,31529|32099|32821|32832|33569|33853|34383|34440|34838|35049|35182|35211|35837|35862|35910|36040|36993|37183|37184|37743|37967|38513|39115|39123|39683|40541|40780|41087|41379|42299|42791|318626|3354965,CG6067|PGRP-SA|Tsf1|psh|Thor|CG13994|CG5390|RluA-2|l(2)34Fc|SPH93|CG17572|fon|Cyp6a13|PGRP-SC2|PPO2|TER94|Dcr-2|DptA|DptB|St3|key|ImpL2|CG3088|CG8329|AGO2|MP1|CG17919|Rel|PGRP-LB|CG42359|SPE|CG31205|CG40160,-1.4
MyList,GO Biological Processes,19,GO:0002805,regulation of antimicrobial peptide biosynthetic process,19_GO:0002376 immune system process,-2.9,4,4.1,5330,22,425,7,1.6,0.62,32099|32832|35862|37967|41087|41379|42791,PGRP-SA|psh|PGRP-SC2|key|Rel|PGRP-LB|SPE,-1.4
MyList,Reactome Gene Sets,6,R-DME-3700989,Transcriptional Regulation by TP53,,-2.9,2.1,3.5,5330,112,425,19,4.5,1,31137|32113|32989|33918|34565|35279|37728|39765|39961|40201|41406|41432|42749|46040|317928|5740746|19893533|19893535|19893540,Lamtor5|RPA3|COX6B|COX5B|mre11|COX4|levy|Taf4|CycT|gig|Taf12|COX5A|EloA|cype|ND-MLRQ|COX7AL2|COX1|COX2|COX3,-1.4
MyList,GO Biological Processes,19,GO:0002786,regulation of antibacterial peptide production,19_GO:0002376 immune system process,-2.8,3.8,4,5330,23,425,7,1.6,0.62,32099|32832|35862|37967|41087|41379|42791,PGRP-SA|psh|PGRP-SC2|key|Rel|PGRP-LB|SPE,-1.3
MyList,GO Biological Processes,19,GO:0050830,defense response to Gram-positive bacterium,19_GO:0044419 biological process involved in interspecies interaction between organisms,-2.8,3.8,4,5330,23,425,7,1.6,0.62,32099|32832|35049|35910|37184|41379|42791,PGRP-SA|psh|SPH93|PPO2|DptB|PGRP-LB|SPE,-1.3
MyList,KEGG Pathway,24,dme00061,Fatty acid biosynthesis - Drosophila melanogaster (fruit fly),,-2.8,5.2,4.3,5330,12,425,5,1.2,0.52,33524|34822|36540|117361|3355111,FASN1|hll|CG16935|FASN2|FASN3,-1.3
MyList,GO Biological Processes,19,GO:0072376,protein activation cascade,19_GO:0009987 cellular process,-2.8,5.2,4.3,5330,12,425,5,1.2,0.52,32099|32832|35862|40541|42791,PGRP-SA|psh|PGRP-SC2|MP1|SPE,-1.3
MyList,GO Biological Processes,19,GO:0160032,Toll receptor ligand protein activation cascade,19_GO:0009987 cellular process,-2.8,5.2,4.3,5330,12,425,5,1.2,0.52,32099|32832|35862|40541|42791,PGRP-SA|psh|PGRP-SC2|MP1|SPE,-1.3
MyList,GO Biological Processes,19,GO:0006714,sesquiterpenoid metabolic process,19_GO:0009987 cellular process,-2.7,9.4,5,5330,4,425,3,0.71,0.41,37181|37182|251984,Jheh2|Jheh3|Jheh1,-1.2
MyList,GO Biological Processes,19,GO:0006716,juvenile hormone metabolic process,19_GO:0065007 biological regulation,-2.7,9.4,5,5330,4,425,3,0.71,0.41,37181|37182|251984,Jheh2|Jheh3|Jheh1,-1.2
MyList,GO Biological Processes,19,GO:2000647,negative regulation of stem cell proliferation,19_GO:0048519 negative regulation of biological process,-2.7,9.4,5,5330,4,425,3,0.71,0.41,37528|37967|41087,Fmr1|key|Rel,-1.2
MyList,GO Biological Processes,19,GO:0008300,isoprenoid catabolic process,19_GO:0009987 cellular process,-2.7,9.4,5,5330,4,425,3,0.71,0.41,37181|37182|251984,Jheh2|Jheh3|Jheh1,-1.2
MyList,GO Biological Processes,19,GO:0090208,positive regulation of triglyceride metabolic process,19_GO:0048518 positive regulation of biological process,-2.7,9.4,5,5330,4,425,3,0.71,0.41,32677|39550|42810,Nprl2|Nprl3|Lsd-1,-1.2
MyList,Reactome Gene Sets,6,R-DME-1474228,Degradation of the extracellular matrix,,-2.7,4.2,4,5330,18,425,6,1.4,0.57,31322|31940|35049|39530|318958|7354433,DIP-alpha|CG15312|SPH93|CG8745|DIP-kappa|DIP-epsilon,-1.2
MyList,GO Biological Processes,19,GO:0006119,oxidative phosphorylation,19_GO:0009987 cellular process,-2.7,2.3,3.4,5330,75,425,14,3.3,0.87,33918|35279|37728|41432|46040|50266|317928|5740185|5740746|19893529|19893533|19893535|19893540|19893549,COX5B|COX4|levy|COX5A|cype|COX7B|ND-MLRQ|UQCR-11|COX7AL2|ND2|COX1|COX2|COX3|ND5,-1.2
MyList,GO Biological Processes,19,GO:0009605,response to external stimulus,19_GO:0050896 response to stimulus,-2.7,1.5,3.1,5330,348,425,43,10,1.5,31529|32099|32119|32340|32821|32832|33569|33571|33853|34012|34383|34440|34838|35049|35182|35211|35837|35862|35910|36040|36993|37183|37184|37528|37743|37967|38513|39115|39123|39683|40541|40665|40780|40863|41087|41379|42299|42367|42791|42803|45326|318626|3354965,CG6067|PGRP-SA|bif|rdgB|Tsf1|psh|Thor|tim|CG13994|ninaC|CG5390|RluA-2|l(2)34Fc|SPH93|CG17572|fon|Cyp6a13|PGRP-SC2|PPO2|TER94|Dcr-2|DptA|DptB|Fmr1|St3|key|ImpL2|CG3088|CG8329|AGO2|MP1|Nmdar1|CG17919|lap|Rel|PGRP-LB|CG42359|ninaE|SPE|Hmgcr|Lsp2|CG31205|CG40160,-1.1
MyList,GO Biological Processes,19,GO:0046653,tetrahydrofolate metabolic process,19_GO:0009987 cellular process,-2.7,6.3,4.4,5330,8,425,4,0.94,0.47,35407|37415|37699|39276,CG8665|Pu|Mthfs|CG7560,-1.1
MyList,KEGG Pathway,24,dme00480,Glutathione metabolism - Drosophila melanogaster (fruit fly),,-2.7,2.7,3.5,5330,52,425,11,2.6,0.77,32775|36467|36524|37106|37107|37113|41503|48335|318913|326140|326187,Gss1|GstE14|S-Lap7|GstE1|GstE2|GstE8|GstD1|GstD2|CG33178|CG31445|S-Lap3,-1.1
MyList,GO Biological Processes,19,GO:0009060,aerobic respiration,19_GO:0009987 cellular process,-2.6,2.2,3.3,5330,93,425,16,3.8,0.92,33918|35279|37728|39281|41326|41432|46040|50266|317928|5740185|5740746|19893529|19893533|19893535|19893540|19893549,COX5B|COX4|levy|Fum3|mAcon2|COX5A|cype|COX7B|ND-MLRQ|UQCR-11|COX7AL2|ND2|COX1|COX2|COX3|ND5,-1.1
MyList,Reactome Gene Sets,6,R-DME-211859,Biological oxidations,,-2.6,2.4,3.4,5330,69,425,13,3.1,0.84,32170|32775|33755|34256|37181|37182|37742|37743|39392|40005|41330|45524|251984,Cyp311a1|Gss1|Cyp4ac2|Aldh|Jheh2|Jheh3|St1|St3|Est-6|Cyp312a1|CG4757|Cyp4p1|Jheh1,-1.1
MyList,Reactome Gene Sets,6,R-DME-611105,Respiratory electron transport,,-2.6,2.1,3.3,5330,94,425,16,3.8,0.92,32989|33918|35279|37388|37728|41432|46040|317928|3346177|5740185|5740746|19893529|19893533|19893535|19893540|19893549,COX6B|COX5B|COX4|CG15653|levy|COX5A|cype|ND-MLRQ|CG33506|UQCR-11|COX7AL2|ND2|COX1|COX2|COX3|ND5,-1.1
MyList,GO Biological Processes,19,GO:0098542,defense response to other organism,19_GO:0044419 biological process involved in interspecies interaction between organisms,-2.5,1.7,3.1,5330,214,425,29,6.8,1.2,31529|32099|32832|33569|33853|34383|34440|34838|35049|35182|35211|35837|35862|35910|36993|37183|37184|37743|37967|39115|39123|39683|40541|41087|41379|42299|42791|318626|3354965,CG6067|PGRP-SA|psh|Thor|CG13994|CG5390|RluA-2|l(2)34Fc|SPH93|CG17572|fon|Cyp6a13|PGRP-SC2|PPO2|Dcr-2|DptA|DptB|St3|key|CG3088|CG8329|AGO2|MP1|Rel|PGRP-LB|CG42359|SPE|CG31205|CG40160,-1
MyList,GO Biological Processes,19,GO:0022904,respiratory electron transport chain,19_GO:0009987 cellular process,-2.5,2.2,3.2,5330,79,425,14,3.3,0.87,33918|35279|37728|41432|46040|50266|317928|5740185|5740746|19893529|19893533|19893535|19893540|19893549,COX5B|COX4|levy|COX5A|cype|COX7B|ND-MLRQ|UQCR-11|COX7AL2|ND2|COX1|COX2|COX3|ND5,-0.98
MyList,GO Biological Processes,19,GO:0006952,defense response,19_GO:0050896 response to stimulus,-2.5,1.7,3,5330,216,425,29,6.8,1.2,31529|32099|32832|33569|33853|34383|34440|34838|35049|35182|35211|35837|35862|35910|36993|37183|37184|37743|37967|39115|39123|39683|40541|41087|41379|42299|42791|318626|3354965,CG6067|PGRP-SA|psh|Thor|CG13994|CG5390|RluA-2|l(2)34Fc|SPH93|CG17572|fon|Cyp6a13|PGRP-SC2|PPO2|Dcr-2|DptA|DptB|St3|key|CG3088|CG8329|AGO2|MP1|Rel|PGRP-LB|CG42359|SPE|CG31205|CG40160,-0.98
MyList,KEGG Pathway,24,dme00830,Retinol metabolism - Drosophila melanogaster (fruit fly),,-2.5,4.5,3.8,5330,14,425,5,1.2,0.52,37420|37421|41334|44058|53511,Ugt49B1|Ugt49C1|Ugt35A1|Ugt36A1|Ugt37D1,-0.98
MyList,KEGG Pathway,24,dme04624,Toll and Imd signaling pathway - Drosophila melanogaster (fruit fly),,-2.5,2.8,3.4,5330,40,425,9,2.1,0.7,32099|32832|35862|37183|37184|37967|41087|41379|42791,PGRP-SA|psh|PGRP-SC2|DptA|DptB|key|Rel|PGRP-LB|SPE,-0.97
MyList,GO Biological Processes,19,GO:0034198,cellular response to amino acid starvation,19_GO:0050896 response to stimulus,-2.4,5.6,4,5330,9,425,4,0.94,0.47,32677|38176|39550|41087,Nprl2|Iml1|Nprl3|Rel,-0.96
MyList,GO Biological Processes,19,GO:0050994,regulation of lipid catabolic process,19_GO:0050789 regulation of biological process,-2.4,5.6,4,5330,9,425,4,0.94,0.47,32437|32677|39550|42810,Lsd-2|Nprl2|Nprl3|Lsd-1,-0.96
MyList,KEGG Pathway,24,dme00040,Pentose and glucuronate interconversions - Drosophila melanogaster (fruit fly),,-2.4,3.3,3.5,5330,27,425,7,1.6,0.62,32592|36624|37420|37421|41334|44058|53511,Had1|Had2|Ugt49B1|Ugt49C1|Ugt35A1|Ugt36A1|Ugt37D1,-0.9
MyList,GO Biological Processes,19,GO:0000270,peptidoglycan metabolic process,19_GO:0009987 cellular process,-2.4,7.5,4.3,5330,5,425,3,0.71,0.41,32099|35862|41379,PGRP-SA|PGRP-SC2|PGRP-LB,-0.88
MyList,GO Biological Processes,19,GO:0009253,peptidoglycan catabolic process,19_GO:0009987 cellular process,-2.4,7.5,4.3,5330,5,425,3,0.71,0.41,32099|35862|41379,PGRP-SA|PGRP-SC2|PGRP-LB,-0.88
MyList,GO Biological Processes,19,GO:0006188,IMP biosynthetic process,19_GO:0009987 cellular process,-2.4,7.5,4.3,5330,5,425,3,0.71,0.41,32352|33847|33986,AMPdeam|Pfas|Gart,-0.88
MyList,GO Biological Processes,19,GO:0006631,fatty acid metabolic process,19_GO:0009987 cellular process,-2.3,2.1,3.1,5330,90,425,15,3.5,0.9,31046|32592|32992|33016|33524|34316|34822|36356|36540|36624|37130|38864|42353|117361|3355111,CG3699|Had1|Abcd3|CG9577|FASN1|CG4594|hll|CG8834|CG16935|Had2|Pepck2|Mcad|Acsx2|FASN2|FASN3,-0.87
MyList,GO Biological Processes,19,GO:0002376,immune system process,19_GO:0002376 immune system process,-2.3,1.7,2.9,5330,182,425,25,5.9,1.1,31529|32099|32832|33569|34383|35182|35211|35862|35910|36993|37183|37184|37967|38424|39115|39123|39683|40081|40201|40541|41087|41379|42791|318626|3354965,CG6067|PGRP-SA|psh|Thor|CG5390|CG17572|fon|PGRP-SC2|PPO2|Dcr-2|DptA|DptB|key|sty|CG3088|CG8329|AGO2|Mkp3|gig|MP1|Rel|PGRP-LB|SPE|CG31205|CG40160,-0.86
MyList,GO Biological Processes,19,GO:0006720,isoprenoid metabolic process,19_GO:0009987 cellular process,-2.3,3.6,3.5,5330,21,425,6,1.4,0.57,35707|37181|37182|42803|251984|3772247,CG2065|Jheh2|Jheh3|Hmgcr|Jheh1|Mvk,-0.86
MyList,GO Biological Processes,19,GO:0042398,modified amino acid biosynthetic process,19_GO:0009987 cellular process,-2.3,4.2,3.6,5330,15,425,5,1.2,0.52,32399|32775|37415|37699|41561,CG5321|Gss1|Pu|Mthfs|Gnmt,-0.86
MyList,GO Biological Processes,19,GO:0045792,negative regulation of cell size,19_GO:0065007 biological regulation,-2.3,4.2,3.6,5330,15,425,5,1.2,0.52,32677|33569|38176|39550|40201,Nprl2|Thor|Iml1|Nprl3|gig,-0.86
MyList,GO Biological Processes,19,GO:0006760,folic acid-containing compound metabolic process,19_GO:0009987 cellular process,-2.2,5,3.7,5330,10,425,4,0.94,0.47,35407|37415|37699|39276,CG8665|Pu|Mthfs|CG7560,-0.8
MyList,GO Biological Processes,19,GO:1990928,response to amino acid starvation,19_GO:0050896 response to stimulus,-2.2,5,3.7,5330,10,425,4,0.94,0.47,32677|38176|39550|41087,Nprl2|Iml1|Nprl3|Rel,-0.8
MyList,GO Biological Processes,19,GO:0071322,cellular response to carbohydrate stimulus,19_GO:0050896 response to stimulus,-2.2,5,3.7,5330,10,425,4,0.94,0.47,33524|35900|37130|117361,FASN1|babo|Pepck2|FASN2,-0.8
MyList,GO Biological Processes,19,GO:0016126,sterol biosynthetic process,19_GO:0009987 cellular process,-2.2,5,3.7,5330,10,425,4,0.94,0.47,32300|35067|42803|3772247,CG1998|CG6870|Hmgcr|Mvk,-0.8
MyList,GO Biological Processes,19,GO:0044419,biological process involved in interspecies interaction between organisms,19_GO:0044419 biological process involved in interspecies interaction between organisms,-2.2,1.6,2.8,5330,264,425,33,7.8,1.3,31529|32099|32821|32832|33569|33853|34383|34440|34838|35049|35182|35211|35837|35862|35910|36040|36993|37183|37184|37743|37967|38513|39115|39123|39683|40541|40780|41087|41379|42299|42791|318626|3354965,CG6067|PGRP-SA|Tsf1|psh|Thor|CG13994|CG5390|RluA-2|l(2)34Fc|SPH93|CG17572|fon|Cyp6a13|PGRP-SC2|PPO2|TER94|Dcr-2|DptA|DptB|St3|key|ImpL2|CG3088|CG8329|AGO2|MP1|CG17919|Rel|PGRP-LB|CG42359|SPE|CG31205|CG40160,-0.79
MyList,GO Biological Processes,19,GO:0022900,electron transport chain,19_GO:0009987 cellular process,-2.2,2.1,3,5330,84,425,14,3.3,0.87,33918|35279|37728|41432|46040|50266|317928|5740185|5740746|19893529|19893533|19893535|19893540|19893549,COX5B|COX4|levy|COX5A|cype|COX7B|ND-MLRQ|UQCR-11|COX7AL2|ND2|COX1|COX2|COX3|ND5,-0.77
MyList,Reactome Gene Sets,6,R-DME-8953897,Cellular responses to stimuli,,-2.2,1.7,2.8,5330,205,425,27,6.4,1.2,31137|31181|31848|32113|32225|32989|33918|34565|35279|35950|36382|37728|37888|37967|41087|41124|41432|41609|42341|42358|44920|46040|317928|5740746|19893533|19893535|19893540,Lamtor5|ph-p|His3.3B|RPA3|Smr|COX6B|COX5B|mre11|COX4|Pkn|Sin3A|levy|betaTub60D|key|Rel|betaTub85D|COX5A|Hsc70-2|Vha13|Ire1|Hsp70Ab|cype|ND-MLRQ|COX7AL2|COX1|COX2|COX3,-0.77
MyList,WikiPathways,27,WP3660,Humoral immune response to fungal and bacterial pathogens,,-2.2,3.4,3.3,5330,22,425,6,1.4,0.57,32099|32832|37183|37967|41087|42791,PGRP-SA|psh|DptA|key|Rel|SPE,-0.77
MyList,GO Biological Processes,19,GO:0042742,defense response to bacterium,19_GO:0044419 biological process involved in interspecies interaction between organisms,-2.2,2,2.9,5330,102,425,16,3.8,0.92,32099|32832|33569|33853|34440|35049|35837|35910|37183|37184|37743|37967|41087|41379|42299|42791,PGRP-SA|psh|Thor|CG13994|RluA-2|SPH93|Cyp6a13|PPO2|DptA|DptB|St3|key|Rel|PGRP-LB|CG42359|SPE,-0.76
MyList,GO Biological Processes,19,GO:0016042,lipid catabolic process,19_GO:0009987 cellular process,-2.2,2.1,3,5330,76,425,13,3.1,0.84,31046|31938|31939|32709|32992|33016|34316|37130|37181|37182|38864|40073|251984,CG3699|Yp2|Yp1|CG5162|Abcd3|CG9577|CG4594|Pepck2|Jheh2|Jheh3|Mcad|CG18135|Jheh1,-0.75
MyList,GO Biological Processes,19,GO:0006310,DNA recombination,19_GO:0009987 cellular process,-2.2,3,3.2,5330,29,425,7,1.6,0.62,32113|34565|34842|34930|41296|45031|3772069,RPA3|mre11|spel1|Ku80|Mcm5|Pp4-19C|mus201,-0.75
MyList,GO Biological Processes,19,GO:0006694,steroid biosynthetic process,19_GO:0009987 cellular process,-2.2,3.9,3.4,5330,16,425,5,1.2,0.52,32300|35067|36467|42803|3772247,CG1998|CG6870|GstE14|Hmgcr|Mvk,-0.75
MyList,GO Biological Processes,19,GO:0045333,cellular respiration,19_GO:0009987 cellular process,-2.2,1.9,2.9,5330,103,425,16,3.8,0.92,33918|35279|37728|39281|41326|41432|46040|50266|317928|5740185|5740746|19893529|19893533|19893535|19893540|19893549,COX5B|COX4|levy|Fum3|mAcon2|COX5A|cype|COX7B|ND-MLRQ|UQCR-11|COX7AL2|ND2|COX1|COX2|COX3|ND5,-0.73
MyList,GO Biological Processes,19,GO:0006749,glutathione metabolic process,19_GO:0009987 cellular process,-2.1,2.7,3.1,5330,37,425,8,1.9,0.66,32775|36467|37106|37107|37113|41503|48335|318913,Gss1|GstE14|GstE1|GstE2|GstE8|GstD1|GstD2|CG33178,-0.7
MyList,GO Biological Processes,19,GO:0042026,protein refolding,19_GO:0009987 cellular process,-2.1,3.3,3.2,5330,23,425,6,1.4,0.57,33796|39074|41609|44920|48572|3772576,Hsp60C|CG4461|Hsc70-2|Hsp70Ab|Hsp60B|Hsp22,-0.69
MyList,Reactome Gene Sets,6,R-DME-9711123,Cellular response to chemical stress,,-2.1,2.1,2.9,5330,78,425,13,3.1,0.84,32225|32989|33918|35279|36382|37728|41432|46040|317928|5740746|19893533|19893535|19893540,Smr|COX6B|COX5B|COX4|Sin3A|levy|COX5A|cype|ND-MLRQ|COX7AL2|COX1|COX2|COX3,-0.67
MyList,GO Biological Processes,19,GO:0045448,"mitotic cell cycle, embryonic",19_GO:0032502 developmental process,-2.1,4.6,3.5,5330,11,425,4,0.94,0.47,31181|37415|37528|2768981,ph-p|Pu|Fmr1|Trl,-0.67
MyList,GO Biological Processes,19,GO:0030308,negative regulation of cell growth,19_GO:0040007 growth,-2.1,4.6,3.5,5330,11,425,4,0.94,0.47,32119|37528|40201|53560,bif|Fmr1|gig|cic,-0.67
MyList,GO Biological Processes,19,GO:1904262,negative regulation of TORC1 signaling,19_GO:0048519 negative regulation of biological process,-2.1,4.6,3.5,5330,11,425,4,0.94,0.47,32677|38176|39550|40201,Nprl2|Iml1|Nprl3|gig,-0.67
MyList,GO Biological Processes,19,GO:0072375,medium-term memory,19_GO:0032501 multicellular organismal process,-2.1,4.6,3.5,5330,11,425,4,0.94,0.47,31107|34803|37528|40665,Nmdar2|CenG1A|Fmr1|Nmdar1,-0.67
MyList,Reactome Gene Sets,6,R-DME-2022928,HS-GAG biosynthesis,,-2.1,4.6,3.5,5330,11,425,4,0.94,0.47,31322|31940|318958|7354433,DIP-alpha|CG15312|DIP-kappa|DIP-epsilon,-0.67
MyList,GO Biological Processes,19,GO:0046040,IMP metabolic process,19_GO:0009987 cellular process,-2.1,6.3,3.8,5330,6,425,3,0.71,0.41,32352|33847|33986,AMPdeam|Pfas|Gart,-0.67
MyList,GO Biological Processes,19,GO:0001678,intracellular glucose homeostasis,19_GO:0042592 homeostatic process,-2.1,6.3,3.8,5330,6,425,3,0.71,0.41,35900|37130|44008,babo|Pepck2|Hex-C,-0.67
MyList,GO Biological Processes,19,GO:0010896,regulation of triglyceride catabolic process,19_GO:0050789 regulation of biological process,-2.1,6.3,3.8,5330,6,425,3,0.71,0.41,32677|39550|42810,Nprl2|Nprl3|Lsd-1,-0.67
MyList,GO Biological Processes,19,GO:0018904,ether metabolic process,19_GO:0009987 cellular process,-2.1,6.3,3.8,5330,6,425,3,0.71,0.41,37181|37182|251984,Jheh2|Jheh3|Jheh1,-0.67
MyList,KEGG Pathway,24,dme00190,Oxidative phosphorylation - Drosophila melanogaster (fruit fly),,-2.1,2,2.8,5330,96,425,15,3.5,0.9,32989|33918|35279|37728|41432|42341|42759|46040|317928|5740185|19893529|19893533|19893535|19893540|19893549,COX6B|COX5B|COX4|levy|COX5A|Vha13|ATPsynCF6|cype|ND-MLRQ|UQCR-11|ND2|COX1|COX2|COX3|ND5,-0.67
MyList,GO Biological Processes,19,GO:0016053,organic acid biosynthetic process,19_GO:0009987 cellular process,-2.1,2.1,2.9,5330,70,425,12,2.8,0.8,33524|34554|34822|35724|39276|41561|42783|43652|117361|317852|3355111|3771738,FASN1|CG6287|hll|cn|CG7560|Gnmt|CG10184|dj-1beta|FASN2|CG32099|FASN3|Argl,-0.66
MyList,GO Biological Processes,19,GO:0046394,carboxylic acid biosynthetic process,19_GO:0009987 cellular process,-2.1,2.1,2.9,5330,70,425,12,2.8,0.8,33524|34554|34822|35724|39276|41561|42783|43652|117361|317852|3355111|3771738,FASN1|CG6287|hll|cn|CG7560|Gnmt|CG10184|dj-1beta|FASN2|CG32099|FASN3|Argl,-0.66
MyList,Reactome Gene Sets,6,R-DME-1474244,Extracellular matrix organization,,-2.1,2.6,3,5330,38,425,8,1.9,0.66,31002|31322|31940|35049|39530|40236|318958|7354433,Appl|DIP-alpha|CG15312|SPH93|CG8745|Spn77Bc|DIP-kappa|DIP-epsilon,-0.65
MyList,Reactome Gene Sets,6,R-DME-212436,Generic Transcription Pathway,,-2.1,1.6,2.6,5330,231,425,29,6.8,1.2,31137|31149|31181|31848|32113|32225|32989|33918|33953|34565|35279|36238|36382|37728|39765|39961|40078|40201|40657|41406|41432|42749|43642|46040|317928|5740746|19893533|19893535|19893540,Lamtor5|trr|ph-p|His3.3B|RPA3|Smr|COX6B|COX5B|nrv2|mre11|COX4|E(Pc)|Sin3A|levy|Taf4|CycT|Acp76A|gig|Snr1|Taf12|COX5A|EloA|Spn100A|cype|ND-MLRQ|COX7AL2|COX1|COX2|COX3,-0.65
MyList,GO Biological Processes,19,GO:0043467,regulation of generation of precursor metabolites and energy,19_GO:0050789 regulation of biological process,-2,2.8,3,5330,31,425,7,1.6,0.62,32701|32938|35379|35900|40102|43652|5740746,Chchd2|Pfrx|pths|babo|Gbs-76A|dj-1beta|COX7AL2,-0.62
MyList_MCODE_ALL,GO Biological Processes,19,GO:0006123,"mitochondrial electron transport, cytochrome c to oxygen",19_GO:0009987 cellular process,-14,35,18,5330,15,102,10,9.8,2.9,33918|35279|37728|41432|46040|317928|5740746|19893533|19893535|19893540,COX5B|COX4|levy|COX5A|cype|ND-MLRQ|COX7AL2|COX1|COX2|COX3,-11
MyList_MCODE_ALL,Reactome Gene Sets,6,R-DME-9864848,Complex IV assembly,,-14,27,17,5330,21,102,11,11,3.1,32989|33918|35279|37728|41432|46040|317928|5740746|19893533|19893535|19893540,COX6B|COX5B|COX4|levy|COX5A|cype|ND-MLRQ|COX7AL2|COX1|COX2|COX3,-11
MyList_MCODE_ALL,Reactome Gene Sets,6,R-DME-9707564,Cytoprotection by HMOX1,,-12,22,15,5330,26,102,11,11,3.1,32989|33918|35279|37728|41432|46040|317928|5740746|19893533|19893535|19893540,COX6B|COX5B|COX4|levy|COX5A|cype|ND-MLRQ|COX7AL2|COX1|COX2|COX3,-9.9
MyList_MCODE_ALL,Reactome Gene Sets,6,R-DME-5628897,TP53 Regulates Metabolic Genes,,-12,17,13,5330,38,102,12,12,3.2,31137|32989|33918|35279|37728|41432|46040|317928|5740746|19893533|19893535|19893540,Lamtor5|COX6B|COX5B|COX4|levy|COX5A|cype|ND-MLRQ|COX7AL2|COX1|COX2|COX3,-9.2
MyList_MCODE_ALL,Reactome Gene Sets,6,R-DME-3700989,Transcriptional Regulation by TP53,,-9.7,7.5,9.7,5330,112,102,16,16,3.6,31137|32113|32989|33918|34565|35279|37728|39765|41406|41432|46040|317928|5740746|19893533|19893535|19893540,Lamtor5|RPA3|COX6B|COX5B|mre11|COX4|levy|Taf4|Taf12|COX5A|cype|ND-MLRQ|COX7AL2|COX1|COX2|COX3,-7.4
MyList_MCODE_ALL,GO Biological Processes,19,GO:0019646,aerobic electron transport chain,19_GO:0009987 cellular process,-9.6,10,11,5330,67,102,13,13,3.3,33918|35279|37728|41432|46040|317928|5740185|5740746|19893529|19893533|19893535|19893540|19893549,COX5B|COX4|levy|COX5A|cype|ND-MLRQ|UQCR-11|COX7AL2|ND2|COX1|COX2|COX3|ND5,-7.4
MyList_MCODE_ALL,GO Biological Processes,19,GO:0042775,mitochondrial ATP synthesis coupled electron transport,19_GO:0009987 cellular process,-9.5,9.8,10,5330,69,102,13,13,3.3,33918|35279|37728|41432|46040|317928|5740185|5740746|19893529|19893533|19893535|19893540|19893549,COX5B|COX4|levy|COX5A|cype|ND-MLRQ|UQCR-11|COX7AL2|ND2|COX1|COX2|COX3|ND5,-7.2
MyList_MCODE_ALL,GO Biological Processes,19,GO:0042773,ATP synthesis coupled electron transport,19_GO:0009987 cellular process,-9.5,9.8,10,5330,69,102,13,13,3.3,33918|35279|37728|41432|46040|317928|5740185|5740746|19893529|19893533|19893535|19893540|19893549,COX5B|COX4|levy|COX5A|cype|ND-MLRQ|UQCR-11|COX7AL2|ND2|COX1|COX2|COX3|ND5,-7.2
MyList_MCODE_ALL,GO Biological Processes,19,GO:0006119,oxidative phosphorylation,19_GO:0009987 cellular process,-9,9.1,9.8,5330,75,102,13,13,3.3,33918|35279|37728|41432|46040|317928|5740185|5740746|19893529|19893533|19893535|19893540|19893549,COX5B|COX4|levy|COX5A|cype|ND-MLRQ|UQCR-11|COX7AL2|ND2|COX1|COX2|COX3|ND5,-6.8
MyList_MCODE_ALL,Reactome Gene Sets,6,R-DME-2262752,Cellular responses to stress,,-8.9,5.4,8.4,5330,185,102,19,19,3.9,31137|31848|32113|32989|33918|34565|35279|37728|37888|41124|41432|41609|44920|46040|317928|5740746|19893533|19893535|19893540,Lamtor5|His3.3B|RPA3|COX6B|COX5B|mre11|COX4|levy|betaTub60D|betaTub85D|COX5A|Hsc70-2|Hsp70Ab|cype|ND-MLRQ|COX7AL2|COX1|COX2|COX3,-6.7
MyList_MCODE_ALL,Reactome Gene Sets,6,R-DME-212436,Generic Transcription Pathway,,-8.9,4.8,8.1,5330,231,102,21,21,4,31137|31848|32113|32989|33918|34565|35279|36238|37728|39765|40078|40657|41406|41432|43642|46040|317928|5740746|19893533|19893535|19893540,Lamtor5|His3.3B|RPA3|COX6B|COX5B|mre11|COX4|E(Pc)|levy|Taf4|Acp76A|Snr1|Taf12|COX5A|Spn100A|cype|ND-MLRQ|COX7AL2|COX1|COX2|COX3,-6.7
MyList_MCODE_ALL,Reactome Gene Sets,6,R-DME-611105,Respiratory electron transport,,-8.8,7.8,9.3,5330,94,102,14,14,3.4,32989|33918|35279|37728|41432|46040|317928|5740185|5740746|19893529|19893533|19893535|19893540|19893549,COX6B|COX5B|COX4|levy|COX5A|cype|ND-MLRQ|UQCR-11|COX7AL2|ND2|COX1|COX2|COX3|ND5,-6.6
MyList_MCODE_ALL,GO Biological Processes,19,GO:0022904,respiratory electron transport chain,19_GO:0009987 cellular process,-8.7,8.6,9.5,5330,79,102,13,13,3.3,33918|35279|37728|41432|46040|317928|5740185|5740746|19893529|19893533|19893535|19893540|19893549,COX5B|COX4|levy|COX5A|cype|ND-MLRQ|UQCR-11|COX7AL2|ND2|COX1|COX2|COX3|ND5,-6.5
MyList_MCODE_ALL,GO Biological Processes,19,GO:0022900,electron transport chain,19_GO:0009987 cellular process,-8.4,8.1,9.1,5330,84,102,13,13,3.3,33918|35279|37728|41432|46040|317928|5740185|5740746|19893529|19893533|19893535|19893540|19893549,COX5B|COX4|levy|COX5A|cype|ND-MLRQ|UQCR-11|COX7AL2|ND2|COX1|COX2|COX3|ND5,-6.2
MyList_MCODE_ALL,Reactome Gene Sets,6,R-DME-8953897,Cellular responses to stimuli,,-8.2,4.8,7.8,5330,205,102,19,19,3.9,31137|31848|32113|32989|33918|34565|35279|37728|37888|41124|41432|41609|44920|46040|317928|5740746|19893533|19893535|19893540,Lamtor5|His3.3B|RPA3|COX6B|COX5B|mre11|COX4|levy|betaTub60D|betaTub85D|COX5A|Hsc70-2|Hsp70Ab|cype|ND-MLRQ|COX7AL2|COX1|COX2|COX3,-6
MyList_MCODE_ALL,GO Biological Processes,19,GO:0009060,aerobic respiration,19_GO:0009987 cellular process,-7.8,7.3,8.6,5330,93,102,13,13,3.3,33918|35279|37728|41432|46040|317928|5740185|5740746|19893529|19893533|19893535|19893540|19893549,COX5B|COX4|levy|COX5A|cype|ND-MLRQ|UQCR-11|COX7AL2|ND2|COX1|COX2|COX3|ND5,-5.7
MyList_MCODE_ALL,KEGG Pathway,24,dme00190,Oxidative phosphorylation - Drosophila melanogaster (fruit fly),,-7.6,7.1,8.4,5330,96,102,13,13,3.3,32989|33918|35279|37728|41432|46040|317928|5740185|19893529|19893533|19893535|19893540|19893549,COX6B|COX5B|COX4|levy|COX5A|cype|ND-MLRQ|UQCR-11|ND2|COX1|COX2|COX3|ND5,-5.6
MyList_MCODE_ALL,Reactome Gene Sets,6,R-DME-73857,RNA Polymerase II Transcription,,-7.4,3.8,7,5330,303,102,22,22,4.1,31137|31848|32113|32989|33918|34565|35279|36238|37728|39765|40078|40657|41406|41432|43284|43642|46040|317928|5740746|19893533|19893535|19893540,Lamtor5|His3.3B|RPA3|COX6B|COX5B|mre11|COX4|E(Pc)|levy|Taf4|Acp76A|Snr1|Taf12|COX5A|TfIIA-L|Spn100A|cype|ND-MLRQ|COX7AL2|COX1|COX2|COX3,-5.4
MyList_MCODE_ALL,GO Biological Processes,19,GO:0045333,cellular respiration,19_GO:0009987 cellular process,-7.3,6.6,8,5330,103,102,13,13,3.3,33918|35279|37728|41432|46040|317928|5740185|5740746|19893529|19893533|19893535|19893540|19893549,COX5B|COX4|levy|COX5A|cype|ND-MLRQ|UQCR-11|COX7AL2|ND2|COX1|COX2|COX3|ND5,-5.2
MyList_MCODE_ALL,Reactome Gene Sets,6,R-DME-9711123,Cellular response to chemical stress,,-6.7,7.4,7.9,5330,78,102,11,11,3.1,32989|33918|35279|37728|41432|46040|317928|5740746|19893533|19893535|19893540,COX6B|COX5B|COX4|levy|COX5A|cype|ND-MLRQ|COX7AL2|COX1|COX2|COX3,-4.7
MyList_MCODE_ALL,Reactome Gene Sets,6,R-DME-74160,Gene expression (Transcription),,-6.5,3.2,6.2,5330,373,102,23,23,4.1,31137|31848|32113|32989|33918|34565|35279|36238|37728|39765|40078|40657|41406|41432|43284|43642|46040|59163|317928|5740746|19893533|19893535|19893540,Lamtor5|His3.3B|RPA3|COX6B|COX5B|mre11|COX4|E(Pc)|levy|Taf4|Acp76A|Snr1|Taf12|COX5A|TfIIA-L|Spn100A|cype|CG18787|ND-MLRQ|COX7AL2|COX1|COX2|COX3,-4.5
MyList_MCODE_ALL,GO Biological Processes,19,GO:0015980,energy derivation by oxidation of organic compounds,19_GO:0009987 cellular process,-6.3,5.4,7,5330,125,102,13,13,3.3,33918|35279|37728|41432|46040|317928|5740185|5740746|19893529|19893533|19893535|19893540|19893549,COX5B|COX4|levy|COX5A|cype|ND-MLRQ|UQCR-11|COX7AL2|ND2|COX1|COX2|COX3|ND5,-4.3
MyList_MCODE_ALL,Reactome Gene Sets,6,R-DME-1428517,Aerobic respiration and respiratory electron transport,,-5.9,4.7,6.5,5330,156,102,14,14,3.4,32989|33918|35279|37728|41432|46040|317928|5740185|5740746|19893529|19893533|19893535|19893540|19893549,COX6B|COX5B|COX4|levy|COX5A|cype|ND-MLRQ|UQCR-11|COX7AL2|ND2|COX1|COX2|COX3|ND5,-4
MyList_MCODE_ALL,KEGG Pathway,24,dme00061,Fatty acid biosynthesis - Drosophila melanogaster (fruit fly),,-5.8,22,10,5330,12,102,5,4.9,2.1,33524|34822|36540|117361|3355111,FASN1|hll|CG16935|FASN2|FASN3,-3.9
MyList_MCODE_ALL,GO Biological Processes,19,GO:0006749,glutathione metabolic process,19_GO:0009987 cellular process,-5.3,9.9,7.6,5330,37,102,7,6.9,2.5,36467|37106|37107|37113|41503|48335|318913,GstE14|GstE1|GstE2|GstE8|GstD1|GstD2|CG33178,-3.4
MyList_MCODE_ALL,GO Biological Processes,19,GO:0097176,epoxide metabolic process,19_GO:0009987 cellular process,-5.2,52,12,5330,3,102,3,2.9,1.7,37181|37182|251984,Jheh2|Jheh3|Jheh1,-3.3
MyList_MCODE_ALL,GO Biological Processes,19,GO:0016115,terpenoid catabolic process,19_GO:0009987 cellular process,-5.2,52,12,5330,3,102,3,2.9,1.7,37181|37182|251984,Jheh2|Jheh3|Jheh1,-3.3
MyList_MCODE_ALL,GO Biological Processes,19,GO:0016107,sesquiterpenoid catabolic process,19_GO:0009987 cellular process,-5.2,52,12,5330,3,102,3,2.9,1.7,37181|37182|251984,Jheh2|Jheh3|Jheh1,-3.3
MyList_MCODE_ALL,GO Biological Processes,19,GO:0006719,juvenile hormone catabolic process,19_GO:0065007 biological regulation,-5.2,52,12,5330,3,102,3,2.9,1.7,37181|37182|251984,Jheh2|Jheh3|Jheh1,-3.3
MyList_MCODE_ALL,GO Biological Processes,19,GO:0042447,hormone catabolic process,19_GO:0065007 biological regulation,-5.2,52,12,5330,3,102,3,2.9,1.7,37181|37182|251984,Jheh2|Jheh3|Jheh1,-3.3
MyList_MCODE_ALL,KEGG Pathway,24,dme00982,Drug metabolism - cytochrome P450 - Drosophila melanogaster (fruit fly),,-5.1,9.4,7.3,5330,39,102,7,6.9,2.5,36467|37106|37107|37113|41503|48335|318913,GstE14|GstE1|GstE2|GstE8|GstD1|GstD2|CG33178,-3.3
MyList_MCODE_ALL,GO Biological Processes,19,GO:0006091,generation of precursor metabolites and energy,19_GO:0009987 cellular process,-5.1,4.3,5.9,5330,159,102,13,13,3.3,33918|35279|37728|41432|46040|317928|5740185|5740746|19893529|19893533|19893535|19893540|19893549,COX5B|COX4|levy|COX5A|cype|ND-MLRQ|UQCR-11|COX7AL2|ND2|COX1|COX2|COX3|ND5,-3.2
MyList_MCODE_ALL,KEGG Pathway,24,dme00980,Metabolism of xenobiotics by cytochrome P450 - Drosophila melanogaster (fruit fly),,-5,8.9,7.1,5330,41,102,7,6.9,2.5,36467|37106|37107|37113|41503|48335|318913,GstE14|GstE1|GstE2|GstE8|GstD1|GstD2|CG33178,-3.2
MyList_MCODE_ALL,GO Biological Processes,19,GO:0006714,sesquiterpenoid metabolic process,19_GO:0009987 cellular process,-4.6,39,11,5330,4,102,3,2.9,1.7,37181|37182|251984,Jheh2|Jheh3|Jheh1,-2.8
MyList_MCODE_ALL,GO Biological Processes,19,GO:0006716,juvenile hormone metabolic process,19_GO:0065007 biological regulation,-4.6,39,11,5330,4,102,3,2.9,1.7,37181|37182|251984,Jheh2|Jheh3|Jheh1,-2.8
MyList_MCODE_ALL,GO Biological Processes,19,GO:0008300,isoprenoid catabolic process,19_GO:0009987 cellular process,-4.6,39,11,5330,4,102,3,2.9,1.7,37181|37182|251984,Jheh2|Jheh3|Jheh1,-2.8
MyList_MCODE_ALL,KEGG Pathway,24,dme00480,Glutathione metabolism - Drosophila melanogaster (fruit fly),,-4.3,7,6.1,5330,52,102,7,6.9,2.5,36467|37106|37107|37113|41503|48335|318913,GstE14|GstE1|GstE2|GstE8|GstD1|GstD2|CG33178,-2.5
MyList_MCODE_ALL,KEGG Pathway,24,dme00983,Drug metabolism - other enzymes - Drosophila melanogaster (fruit fly),,-4.1,6.5,5.8,5330,56,102,7,6.9,2.5,36467|37106|37107|37113|41503|48335|318913,GstE14|GstE1|GstE2|GstE8|GstD1|GstD2|CG33178,-2.4
MyList_MCODE_ALL,GO Biological Processes,19,GO:0006367,transcription initiation at RNA polymerase II promoter,19_GO:0009987 cellular process,-4,10,6.6,5330,25,102,5,4.9,2.1,31773|39765|41406|43284|44451,Trf2|Taf4|Taf12|TfIIA-L|ear,-2.3
MyList_MCODE_ALL,GO Biological Processes,19,GO:0018904,ether metabolic process,19_GO:0009987 cellular process,-3.9,26,8.6,5330,6,102,3,2.9,1.7,37181|37182|251984,Jheh2|Jheh3|Jheh1,-2.2
MyList_MCODE_ALL,GO Biological Processes,19,GO:0006352,DNA-templated transcription initiation,19_GO:0009987 cellular process,-3.8,9.3,6.2,5330,28,102,5,4.9,2.1,31773|39765|41406|43284|44451,Trf2|Taf4|Taf12|TfIIA-L|ear,-2.1
MyList_MCODE_ALL,GO Biological Processes,19,GO:0006575,modified amino acid metabolic process,19_GO:0009987 cellular process,-3.8,5.8,5.4,5330,63,102,7,6.9,2.5,36467|37106|37107|37113|41503|48335|318913,GstE14|GstE1|GstE2|GstE8|GstD1|GstD2|CG33178,-2.1
MyList_MCODE_ALL,Reactome Gene Sets,6,R-DME-3000178,ECM proteoglycans,,-3.7,13,6.7,5330,16,102,4,3.9,1.9,31322|31940|40236|318958,DIP-alpha|CG15312|Spn77Bc|DIP-kappa,-2
MyList_MCODE_ALL,KEGG Pathway,24,dme03022,Basal transcription factors - Drosophila melanogaster (fruit fly),,-3.6,12,6.5,5330,17,102,4,3.9,1.9,31773|39765|41406|43284,Trf2|Taf4|Taf12|TfIIA-L,-1.9
MyList_MCODE_ALL,GO Biological Processes,19,GO:0034198,cellular response to amino acid starvation,19_GO:0050896 response to stimulus,-3.3,17,6.9,5330,9,102,3,2.9,1.7,32677|38176|39550,Nprl2|Iml1|Nprl3,-1.7
MyList_MCODE_ALL,GO Biological Processes,19,GO:0006633,fatty acid biosynthetic process,19_GO:0009987 cellular process,-3.1,9.5,5.6,5330,22,102,4,3.9,1.9,33524|34822|117361|3355111,FASN1|hll|FASN2|FASN3,-1.5
MyList_MCODE_ALL,GO Biological Processes,19,GO:1990928,response to amino acid starvation,19_GO:0050896 response to stimulus,-3.1,16,6.5,5330,10,102,3,2.9,1.7,32677|38176|39550,Nprl2|Iml1|Nprl3,-1.5
MyList_MCODE_ALL,GO Biological Processes,19,GO:0042445,hormone metabolic process,19_GO:0065007 biological regulation,-3.1,9.1,5.4,5330,23,102,4,3.9,1.9,36467|37181|37182|251984,GstE14|Jheh2|Jheh3|Jheh1,-1.5
MyList_MCODE_ALL,GO Biological Processes,19,GO:0043603,amide metabolic process,19_GO:0009987 cellular process,-3.1,3.9,4.3,5330,106,102,8,7.8,2.7,36467|36540|37106|37107|37113|41503|48335|318913,GstE14|CG16935|GstE1|GstE2|GstE8|GstD1|GstD2|CG33178,-1.5
MyList_MCODE_ALL,Reactome Gene Sets,6,R-DME-2022928,HS-GAG biosynthesis,,-3,14,6.1,5330,11,102,3,2.9,1.7,31322|31940|318958,DIP-alpha|CG15312|DIP-kappa,-1.4
MyList_MCODE_ALL,GO Biological Processes,19,GO:1904262,negative regulation of TORC1 signaling,19_GO:0048519 negative regulation of biological process,-3,14,6.1,5330,11,102,3,2.9,1.7,32677|38176|39550,Nprl2|Iml1|Nprl3,-1.4
MyList_MCODE_ALL,KEGG Pathway,24,dme01212,Fatty acid metabolism - Drosophila melanogaster (fruit fly),,-3,6.4,4.8,5330,41,102,5,4.9,2.1,33524|34822|36540|117361|3355111,FASN1|hll|CG16935|FASN2|FASN3,-1.4
MyList_MCODE_ALL,GO Biological Processes,19,GO:0072330,monocarboxylic acid biosynthetic process,19_GO:0009987 cellular process,-2.9,8,5,5330,26,102,4,3.9,1.9,33524|34822|117361|3355111,FASN1|hll|FASN2|FASN3,-1.3
MyList_MCODE_ALL,Reactome Gene Sets,6,R-DME-69002,DNA Replication Pre-Initiation,,-2.8,12,5.6,5330,13,102,3,2.9,1.7,31848|32113|41296,His3.3B|RPA3|Mcm5,-1.2
MyList_MCODE_ALL,Reactome Gene Sets,6,R-DME-3371497,HSP90 chaperone cycle for steroid hormone receptors (SHR) in the presence of ligand,,-2.7,7.2,4.7,5330,29,102,4,3.9,1.9,37888|41124|41609|44920,betaTub60D|betaTub85D|Hsc70-2|Hsp70Ab,-1.2
MyList_MCODE_ALL,GO Biological Processes,19,GO:0032007,negative regulation of TOR signaling,19_GO:0048519 negative regulation of biological process,-2.7,11,5.3,5330,14,102,3,2.9,1.7,32677|38176|39550,Nprl2|Iml1|Nprl3,-1.2
MyList_MCODE_ALL,GO Biological Processes,19,GO:0006721,terpenoid metabolic process,19_GO:0009987 cellular process,-2.7,11,5.3,5330,14,102,3,2.9,1.7,37181|37182|251984,Jheh2|Jheh3|Jheh1,-1.2
MyList_MCODE_ALL,GO Biological Processes,19,GO:0006366,transcription by RNA polymerase II,19_GO:0009987 cellular process,-2.6,5.2,4.2,5330,50,102,5,4.9,2.1,31773|39765|41406|43284|44451,Trf2|Taf4|Taf12|TfIIA-L|ear,-1.1
MyList_MCODE_ALL,KEGG Pathway,24,dme00981,Insect hormone biosynthesis - Drosophila melanogaster (fruit fly),,-2.6,10,5.1,5330,15,102,3,2.9,1.7,37181|37182|251984,Jheh2|Jheh3|Jheh1,-1.1
MyList_MCODE_ALL,Reactome Gene Sets,6,R-DME-69481,G2/M Checkpoints,,-2.6,10,5.1,5330,15,102,3,2.9,1.7,32113|34565|41296,RPA3|mre11|Mcm5,-1.1
MyList_MCODE_ALL,GO Biological Processes,19,GO:0045792,negative regulation of cell size,19_GO:0065007 biological regulation,-2.6,10,5.1,5330,15,102,3,2.9,1.7,32677|38176|39550,Nprl2|Iml1|Nprl3,-1.1
MyList_MCODE_ALL,Reactome Gene Sets,6,R-DME-6804756,Regulation of TP53 Activity through Phosphorylation,,-2.6,6.7,4.5,5330,31,102,4,3.9,1.9,32113|34565|39765|41406,RPA3|mre11|Taf4|Taf12,-1.1
MyList_MCODE_ALL,GO Biological Processes,19,GO:1903432,regulation of TORC1 signaling,19_GO:0050896 response to stimulus,-2.5,6.5,4.4,5330,32,102,4,3.9,1.9,31137|32677|38176|39550,Lamtor5|Nprl2|Iml1|Nprl3,-1
MyList_MCODE_ALL,Reactome Gene Sets,6,R-DME-3000171,Non-integrin membrane-ECM interactions,,-2.5,9.8,4.9,5330,16,102,3,2.9,1.7,31322|31940|318958,DIP-alpha|CG15312|DIP-kappa,-1
MyList_MCODE_ALL,GO Biological Processes,19,GO:0045786,negative regulation of cell cycle,19_GO:0048519 negative regulation of biological process,-2.5,6.3,4.3,5330,33,102,4,3.9,1.9,32677|33571|34565|38176,Nprl2|tim|mre11|Iml1,-0.99
MyList_MCODE_ALL,Reactome Gene Sets,6,R-DME-1971475,A tetrasaccharide linker sequence is required for GAG synthesis,,-2.4,9.2,4.7,5330,17,102,3,2.9,1.7,31322|31940|318958,DIP-alpha|CG15312|DIP-kappa,-0.94
MyList_MCODE_ALL,Reactome Gene Sets,6,R-DME-2024096,HS-GAG degradation,,-2.3,8.7,4.6,5330,18,102,3,2.9,1.7,31322|31940|318958,DIP-alpha|CG15312|DIP-kappa,-0.88
MyList_MCODE_ALL,Reactome Gene Sets,6,R-DME-1474228,Degradation of the extracellular matrix,,-2.3,8.7,4.6,5330,18,102,3,2.9,1.7,31322|31940|318958,DIP-alpha|CG15312|DIP-kappa,-0.88
MyList_MCODE_ALL,Reactome Gene Sets,6,R-DME-216083,Integrin cell surface interactions,,-2.3,8.3,4.4,5330,19,102,3,2.9,1.7,31322|31940|318958,DIP-alpha|CG15312|DIP-kappa,-0.82
MyList_MCODE_ALL,GO Biological Processes,19,GO:0000724,double-strand break repair via homologous recombination,19_GO:0050896 response to stimulus,-2.3,8.3,4.4,5330,19,102,3,2.9,1.7,32113|34565|41296,RPA3|mre11|Mcm5,-0.82
MyList_MCODE_ALL,GO Biological Processes,19,GO:0000725,recombinational repair,19_GO:0050896 response to stimulus,-2.3,8.3,4.4,5330,19,102,3,2.9,1.7,32113|34565|41296,RPA3|mre11|Mcm5,-0.82
MyList_MCODE_ALL,Reactome Gene Sets,6,R-DME-1474244,Extracellular matrix organization,,-2.2,5.5,3.9,5330,38,102,4,3.9,1.9,31322|31940|40236|318958,DIP-alpha|CG15312|Spn77Bc|DIP-kappa,-0.8
MyList_MCODE_ALL,GO Biological Processes,19,GO:0006790,sulfur compound metabolic process,19_GO:0009987 cellular process,-2.2,3.2,3.3,5330,115,102,7,6.9,2.5,36467|37106|37107|37113|41503|48335|318913,GstE14|GstE1|GstE2|GstE8|GstD1|GstD2|CG33178,-0.77
MyList_MCODE_ALL,GO Biological Processes,19,GO:0032006,regulation of TOR signaling,19_GO:0050896 response to stimulus,-2.2,5.4,3.8,5330,39,102,4,3.9,1.9,31137|32677|38176|39550,Lamtor5|Nprl2|Iml1|Nprl3,-0.77
MyList_MCODE_ALL,Reactome Gene Sets,6,R-DME-76042,RNA Polymerase II Transcription Initiation And Promoter Clearance,,-2.2,7.5,4.1,5330,21,102,3,2.9,1.7,39765|41406|43284,Taf4|Taf12|TfIIA-L,-0.73
MyList_MCODE_ALL,GO Biological Processes,19,GO:0006720,isoprenoid metabolic process,19_GO:0009987 cellular process,-2.2,7.5,4.1,5330,21,102,3,2.9,1.7,37181|37182|251984,Jheh2|Jheh3|Jheh1,-0.73
MyList_MCODE_ALL,Reactome Gene Sets,6,R-DME-75953,RNA Polymerase II Transcription Initiation,,-2.2,7.5,4.1,5330,21,102,3,2.9,1.7,39765|41406|43284,Taf4|Taf12|TfIIA-L,-0.73
MyList_MCODE_ALL,Reactome Gene Sets,6,R-DME-73779,RNA Polymerase II Transcription Pre-Initiation And Promoter Opening,,-2.2,7.5,4.1,5330,21,102,3,2.9,1.7,39765|41406|43284,Taf4|Taf12|TfIIA-L,-0.73
MyList_MCODE_ALL,Reactome Gene Sets,6,R-DME-73776,RNA Polymerase II Promoter Escape,,-2.2,7.5,4.1,5330,21,102,3,2.9,1.7,39765|41406|43284,Taf4|Taf12|TfIIA-L,-0.73
MyList_MCODE_ALL,GO Biological Processes,19,GO:0007498,mesoderm development,19_GO:0032502 developmental process,-2.1,4.9,3.6,5330,43,102,4,3.9,1.9,31591|34822|38988|39153,CG34417|hll|Zasp66|CG43897,-0.65
MyList_MCODE_ALL,GO Biological Processes,19,GO:0045930,negative regulation of mitotic cell cycle,19_GO:0048519 negative regulation of biological process,-2,6.8,3.9,5330,23,102,3,2.9,1.7,32677|34565|38176,Nprl2|mre11|Iml1,-0.64
MyList_MCODE_ALL,GO Biological Processes,19,GO:0010817,regulation of hormone levels,19_GO:0065007 biological regulation,-2,4.8,3.5,5330,44,102,4,3.9,1.9,36467|37181|37182|251984,GstE14|Jheh2|Jheh3|Jheh1,-0.62
MyList_SUB1_MCODE_1,Reactome Gene Sets,6,R-DME-2022928,HS-GAG biosynthesis,,-5.4,86,16,5330,11,17,3,18,9.2,31322|31940|318958,DIP-alpha|CG15312|DIP-kappa,-3.5
MyList_SUB1_MCODE_1,Reactome Gene Sets,6,R-DME-3000171,Non-integrin membrane-ECM interactions,,-4.8,59,13,5330,16,17,3,18,9.2,31322|31940|318958,DIP-alpha|CG15312|DIP-kappa,-3
MyList_SUB1_MCODE_1,Reactome Gene Sets,6,R-DME-3000178,ECM proteoglycans,,-4.8,59,13,5330,16,17,3,18,9.2,31322|31940|318958,DIP-alpha|CG15312|DIP-kappa,-3
MyList_SUB1_MCODE_1,Reactome Gene Sets,6,R-DME-1971475,A tetrasaccharide linker sequence is required for GAG synthesis,,-4.7,55,13,5330,17,17,3,18,9.2,31322|31940|318958,DIP-alpha|CG15312|DIP-kappa,-3
MyList_SUB1_MCODE_1,Reactome Gene Sets,6,R-DME-1474228,Degradation of the extracellular matrix,,-4.7,52,12,5330,18,17,3,18,9.2,31322|31940|318958,DIP-alpha|CG15312|DIP-kappa,-2.9
MyList_SUB1_MCODE_1,Reactome Gene Sets,6,R-DME-2024096,HS-GAG degradation,,-4.7,52,12,5330,18,17,3,18,9.2,31322|31940|318958,DIP-alpha|CG15312|DIP-kappa,-2.9
MyList_SUB1_MCODE_1,Reactome Gene Sets,6,R-DME-216083,Integrin cell surface interactions,,-4.6,50,12,5330,19,17,3,18,9.2,31322|31940|318958,DIP-alpha|CG15312|DIP-kappa,-2.8
MyList_SUB1_MCODE_1,Reactome Gene Sets,6,R-DME-1793185,Chondroitin sulfate/dermatan sulfate metabolism,,-4.3,39,11,5330,24,17,3,18,9.2,31322|31940|318958,DIP-alpha|CG15312|DIP-kappa,-2.5
MyList_SUB1_MCODE_1,Reactome Gene Sets,6,R-DME-1638091,Heparan sulfate/heparin (HS-GAG) metabolism,,-4.3,39,11,5330,24,17,3,18,9.2,31322|31940|318958,DIP-alpha|CG15312|DIP-kappa,-2.5
MyList_SUB1_MCODE_1,Reactome Gene Sets,6,R-DME-1630316,Glycosaminoglycan metabolism,,-3.9,29,9.1,5330,32,17,3,18,9.2,31322|31940|318958,DIP-alpha|CG15312|DIP-kappa,-2.2
MyList_SUB1_MCODE_1,Reactome Gene Sets,6,R-DME-1474244,Extracellular matrix organization,,-3.7,25,8.3,5330,38,17,3,18,9.2,31322|31940|318958,DIP-alpha|CG15312|DIP-kappa,-2
MyList_SUB1_MCODE_1,Reactome Gene Sets,6,R-DME-71387,Metabolism of carbohydrates,,-2.5,9.9,5,5330,95,17,3,18,9.2,31322|31940|318958,DIP-alpha|CG15312|DIP-kappa,-1
MyList_SUB1_MCODE_2,Reactome Gene Sets,6,R-DME-9864848,Complex IV assembly,,-25,2e+02,47,5330,21,14,11,79,11,32989|33918|35279|37728|41432|46040|317928|5740746|19893533|19893535|19893540,COX6B|COX5B|COX4|levy|COX5A|cype|ND-MLRQ|COX7AL2|COX1|COX2|COX3,-21
MyList_SUB1_MCODE_2,Reactome Gene Sets,6,R-DME-611105,Respiratory electron transport,,-25,57,28,5330,94,14,14,1e+02,6.9,32989|33918|35279|37728|41432|46040|317928|5740185|5740746|19893529|19893533|19893535|19893540|19893549,COX6B|COX5B|COX4|levy|COX5A|cype|ND-MLRQ|UQCR-11|COX7AL2|ND2|COX1|COX2|COX3|ND5,-21
MyList_SUB1_MCODE_2,GO Biological Processes,19,GO:0006123,"mitochondrial electron transport, cytochrome c to oxygen",19_GO:0009987 cellular process,-24,2.5e+02,50,5330,15,14,10,71,12,33918|35279|37728|41432|46040|317928|5740746|19893533|19893535|19893540,COX5B|COX4|levy|COX5A|cype|ND-MLRQ|COX7AL2|COX1|COX2|COX3,-21
MyList_SUB1_MCODE_2,GO Biological Processes,19,GO:0019646,aerobic electron transport chain,19_GO:0009987 cellular process,-24,74,31,5330,67,14,13,93,6.9,33918|35279|37728|41432|46040|317928|5740185|5740746|19893529|19893533|19893535|19893540|19893549,COX5B|COX4|levy|COX5A|cype|ND-MLRQ|UQCR-11|COX7AL2|ND2|COX1|COX2|COX3|ND5,-21
MyList_SUB1_MCODE_2,Reactome Gene Sets,6,R-DME-9707564,Cytoprotection by HMOX1,,-24,1.6e+02,42,5330,26,14,11,79,11,32989|33918|35279|37728|41432|46040|317928|5740746|19893533|19893535|19893540,COX6B|COX5B|COX4|levy|COX5A|cype|ND-MLRQ|COX7AL2|COX1|COX2|COX3,-21
MyList_SUB1_MCODE_2,GO Biological Processes,19,GO:0042775,mitochondrial ATP synthesis coupled electron transport,19_GO:0009987 cellular process,-24,72,30,5330,69,14,13,93,6.9,33918|35279|37728|41432|46040|317928|5740185|5740746|19893529|19893533|19893535|19893540|19893549,COX5B|COX4|levy|COX5A|cype|ND-MLRQ|UQCR-11|COX7AL2|ND2|COX1|COX2|COX3|ND5,-21
MyList_SUB1_MCODE_2,GO Biological Processes,19,GO:0042773,ATP synthesis coupled electron transport,19_GO:0009987 cellular process,-24,72,30,5330,69,14,13,93,6.9,33918|35279|37728|41432|46040|317928|5740185|5740746|19893529|19893533|19893535|19893540|19893549,COX5B|COX4|levy|COX5A|cype|ND-MLRQ|UQCR-11|COX7AL2|ND2|COX1|COX2|COX3|ND5,-21
MyList_SUB1_MCODE_2,GO Biological Processes,19,GO:0006119,oxidative phosphorylation,19_GO:0009987 cellular process,-23,66,29,5330,75,14,13,93,6.9,33918|35279|37728|41432|46040|317928|5740185|5740746|19893529|19893533|19893535|19893540|19893549,COX5B|COX4|levy|COX5A|cype|ND-MLRQ|UQCR-11|COX7AL2|ND2|COX1|COX2|COX3|ND5,-20
MyList_SUB1_MCODE_2,GO Biological Processes,19,GO:0022904,respiratory electron transport chain,19_GO:0009987 cellular process,-23,63,28,5330,79,14,13,93,6.9,33918|35279|37728|41432|46040|317928|5740185|5740746|19893529|19893533|19893535|19893540|19893549,COX5B|COX4|levy|COX5A|cype|ND-MLRQ|UQCR-11|COX7AL2|ND2|COX1|COX2|COX3|ND5,-20
MyList_SUB1_MCODE_2,GO Biological Processes,19,GO:0022900,electron transport chain,19_GO:0009987 cellular process,-23,59,27,5330,84,14,13,93,6.9,33918|35279|37728|41432|46040|317928|5740185|5740746|19893529|19893533|19893535|19893540|19893549,COX5B|COX4|levy|COX5A|cype|ND-MLRQ|UQCR-11|COX7AL2|ND2|COX1|COX2|COX3|ND5,-20
MyList_SUB1_MCODE_2,GO Biological Processes,19,GO:0009060,aerobic respiration,19_GO:0009987 cellular process,-22,53,26,5330,93,14,13,93,6.9,33918|35279|37728|41432|46040|317928|5740185|5740746|19893529|19893533|19893535|19893540|19893549,COX5B|COX4|levy|COX5A|cype|ND-MLRQ|UQCR-11|COX7AL2|ND2|COX1|COX2|COX3|ND5,-19
MyList_SUB1_MCODE_2,KEGG Pathway,24,dme00190,Oxidative phosphorylation - Drosophila melanogaster (fruit fly),,-22,52,26,5330,96,14,13,93,6.9,32989|33918|35279|37728|41432|46040|317928|5740185|19893529|19893533|19893535|19893540|19893549,COX6B|COX5B|COX4|levy|COX5A|cype|ND-MLRQ|UQCR-11|ND2|COX1|COX2|COX3|ND5,-19
MyList_SUB1_MCODE_2,Reactome Gene Sets,6,R-DME-5628897,TP53 Regulates Metabolic Genes,,-22,1.1e+02,35,5330,38,14,11,79,11,32989|33918|35279|37728|41432|46040|317928|5740746|19893533|19893535|19893540,COX6B|COX5B|COX4|levy|COX5A|cype|ND-MLRQ|COX7AL2|COX1|COX2|COX3,-19
MyList_SUB1_MCODE_2,Reactome Gene Sets,6,R-DME-1428517,Aerobic respiration and respiratory electron transport,,-22,34,22,5330,156,14,14,1e+02,6.9,32989|33918|35279|37728|41432|46040|317928|5740185|5740746|19893529|19893533|19893535|19893540|19893549,COX6B|COX5B|COX4|levy|COX5A|cype|ND-MLRQ|UQCR-11|COX7AL2|ND2|COX1|COX2|COX3|ND5,-19
MyList_SUB1_MCODE_2,GO Biological Processes,19,GO:0045333,cellular respiration,19_GO:0009987 cellular process,-21,48,25,5330,103,14,13,93,6.9,33918|35279|37728|41432|46040|317928|5740185|5740746|19893529|19893533|19893535|19893540|19893549,COX5B|COX4|levy|COX5A|cype|ND-MLRQ|UQCR-11|COX7AL2|ND2|COX1|COX2|COX3|ND5,-19
MyList_SUB1_MCODE_2,GO Biological Processes,19,GO:0015980,energy derivation by oxidation of organic compounds,19_GO:0009987 cellular process,-20,40,22,5330,125,14,13,93,6.9,33918|35279|37728|41432|46040|317928|5740185|5740746|19893529|19893533|19893535|19893540|19893549,COX5B|COX4|levy|COX5A|cype|ND-MLRQ|UQCR-11|COX7AL2|ND2|COX1|COX2|COX3|ND5,-18
MyList_SUB1_MCODE_2,GO Biological Processes,19,GO:0006091,generation of precursor metabolites and energy,19_GO:0009987 cellular process,-19,31,20,5330,159,14,13,93,6.9,33918|35279|37728|41432|46040|317928|5740185|5740746|19893529|19893533|19893535|19893540|19893549,COX5B|COX4|levy|COX5A|cype|ND-MLRQ|UQCR-11|COX7AL2|ND2|COX1|COX2|COX3|ND5,-16
MyList_SUB1_MCODE_2,Reactome Gene Sets,6,R-DME-9711123,Cellular response to chemical stress,,-18,54,24,5330,78,14,11,79,11,32989|33918|35279|37728|41432|46040|317928|5740746|19893533|19893535|19893540,COX6B|COX5B|COX4|levy|COX5A|cype|ND-MLRQ|COX7AL2|COX1|COX2|COX3,-15
MyList_SUB1_MCODE_2,Reactome Gene Sets,6,R-DME-3700989,Transcriptional Regulation by TP53,,-16,37,20,5330,112,14,11,79,11,32989|33918|35279|37728|41432|46040|317928|5740746|19893533|19893535|19893540,COX6B|COX5B|COX4|levy|COX5A|cype|ND-MLRQ|COX7AL2|COX1|COX2|COX3,-13
MyList_SUB1_MCODE_2,Reactome Gene Sets,6,R-DME-2262752,Cellular responses to stress,,-14,23,15,5330,185,14,11,79,11,32989|33918|35279|37728|41432|46040|317928|5740746|19893533|19893535|19893540,COX6B|COX5B|COX4|levy|COX5A|cype|ND-MLRQ|COX7AL2|COX1|COX2|COX3,-11
MyList_SUB1_MCODE_2,Reactome Gene Sets,6,R-DME-8953897,Cellular responses to stimuli,,-13,20,15,5330,205,14,11,79,11,32989|33918|35279|37728|41432|46040|317928|5740746|19893533|19893535|19893540,COX6B|COX5B|COX4|levy|COX5A|cype|ND-MLRQ|COX7AL2|COX1|COX2|COX3,-11
MyList_SUB1_MCODE_2,Reactome Gene Sets,6,R-DME-212436,Generic Transcription Pathway,,-13,18,14,5330,231,14,11,79,11,32989|33918|35279|37728|41432|46040|317928|5740746|19893533|19893535|19893540,COX6B|COX5B|COX4|levy|COX5A|cype|ND-MLRQ|COX7AL2|COX1|COX2|COX3,-10
MyList_SUB1_MCODE_2,Reactome Gene Sets,6,R-DME-73857,RNA Polymerase II Transcription,,-11,14,12,5330,303,14,11,79,11,32989|33918|35279|37728|41432|46040|317928|5740746|19893533|19893535|19893540,COX6B|COX5B|COX4|levy|COX5A|cype|ND-MLRQ|COX7AL2|COX1|COX2|COX3,-8.9
MyList_SUB1_MCODE_2,Reactome Gene Sets,6,R-DME-74160,Gene expression (Transcription),,-10,11,11,5330,373,14,11,79,11,32989|33918|35279|37728|41432|46040|317928|5740746|19893533|19893535|19893540,COX6B|COX5B|COX4|levy|COX5A|cype|ND-MLRQ|COX7AL2|COX1|COX2|COX3,-8
MyList_SUB1_MCODE_2,Reactome Gene Sets,6,R-DME-9837999,Mitochondrial protein degradation,,-3.2,17,6.7,5330,68,14,3,21,11,33918|41432|19893533,COX5B|COX5A|COX1,-1.6
MyList_SUB1_MCODE_3,GO Biological Processes,19,GO:0006749,glutathione metabolic process,19_GO:0009987 cellular process,-15,1.4e+02,32,5330,37,7,7,1e+02,13,36467|37106|37107|37113|41503|48335|318913,GstE14|GstE1|GstE2|GstE8|GstD1|GstD2|CG33178,-13
MyList_SUB1_MCODE_3,KEGG Pathway,24,dme00982,Drug metabolism - cytochrome P450 - Drosophila melanogaster (fruit fly),,-15,1.4e+02,31,5330,39,7,7,1e+02,13,36467|37106|37107|37113|41503|48335|318913,GstE14|GstE1|GstE2|GstE8|GstD1|GstD2|CG33178,-13
MyList_SUB1_MCODE_3,KEGG Pathway,24,dme00980,Metabolism of xenobiotics by cytochrome P450 - Drosophila melanogaster (fruit fly),,-15,1.3e+02,30,5330,41,7,7,1e+02,13,36467|37106|37107|37113|41503|48335|318913,GstE14|GstE1|GstE2|GstE8|GstD1|GstD2|CG33178,-12
MyList_SUB1_MCODE_3,KEGG Pathway,24,dme00480,Glutathione metabolism - Drosophila melanogaster (fruit fly),,-14,1e+02,27,5330,52,7,7,1e+02,13,36467|37106|37107|37113|41503|48335|318913,GstE14|GstE1|GstE2|GstE8|GstD1|GstD2|CG33178,-12
MyList_SUB1_MCODE_3,KEGG Pathway,24,dme00983,Drug metabolism - other enzymes - Drosophila melanogaster (fruit fly),,-14,95,26,5330,56,7,7,1e+02,13,36467|37106|37107|37113|41503|48335|318913,GstE14|GstE1|GstE2|GstE8|GstD1|GstD2|CG33178,-11
MyList_SUB1_MCODE_3,GO Biological Processes,19,GO:0006575,modified amino acid metabolic process,19_GO:0009987 cellular process,-14,85,24,5330,63,7,7,1e+02,13,36467|37106|37107|37113|41503|48335|318913,GstE14|GstE1|GstE2|GstE8|GstD1|GstD2|CG33178,-11
MyList_SUB1_MCODE_3,GO Biological Processes,19,GO:0043603,amide metabolic process,19_GO:0009987 cellular process,-12,50,19,5330,106,7,7,1e+02,13,36467|37106|37107|37113|41503|48335|318913,GstE14|GstE1|GstE2|GstE8|GstD1|GstD2|CG33178,-9.6
MyList_SUB1_MCODE_3,GO Biological Processes,19,GO:0006790,sulfur compound metabolic process,19_GO:0009987 cellular process,-12,46,18,5330,115,7,7,1e+02,13,36467|37106|37107|37113|41503|48335|318913,GstE14|GstE1|GstE2|GstE8|GstD1|GstD2|CG33178,-9.3
MyList_SUB1_MCODE_4,Reactome Gene Sets,6,R-DME-72766,Translation,,-4.3,16,7.7,5330,189,7,4,57,19,31613|33182|34720|39477,RpL17|mRpL10|mRF1|mRpL20,-2.6
MyList_SUB1_MCODE_4,Reactome Gene Sets,6,R-DME-5419276,Mitochondrial translation termination,,-4,30,9.3,5330,75,7,3,43,19,33182|34720|39477,mRpL10|mRF1|mRpL20,-2.3
MyList_SUB1_MCODE_4,Reactome Gene Sets,6,R-DME-5368287,Mitochondrial translation,,-4,30,9.3,5330,76,7,3,43,19,33182|34720|39477,mRpL10|mRF1|mRpL20,-2.3
MyList_SUB1_MCODE_4,GO Biological Processes,19,GO:0032543,mitochondrial translation,19_GO:0009987 cellular process,-3.8,26,8.6,5330,88,7,3,43,19,33182|34720|39477,mRpL10|mRF1|mRpL20,-2.1
MyList_SUB1_MCODE_4,GO Biological Processes,19,GO:0006412,translation,19_GO:0009987 cellular process,-3.8,12,6.5,5330,256,7,4,57,19,31613|33182|34720|39477,RpL17|mRpL10|mRF1|mRpL20,-2.1
MyList_SUB1_MCODE_4,KEGG Pathway,24,dme03010,Ribosome - Drosophila melanogaster (fruit fly),,-3.5,21,7.6,5330,110,7,3,43,19,31613|33182|39477,RpL17|mRpL10|mRpL20,-1.9
MyList_SUB1_MCODE_4,GO Biological Processes,19,GO:0140053,mitochondrial gene expression,19_GO:0009987 cellular process,-3.5,20,7.5,5330,112,7,3,43,19,33182|34720|39477,mRpL10|mRF1|mRpL20,-1.9
MyList_SUB1_MCODE_5,GO Biological Processes,19,GO:0006367,transcription initiation at RNA polymerase II promoter,19_GO:0009987 cellular process,-11,1.5e+02,27,5330,25,7,5,71,17,31773|39765|41406|43284|44451,Trf2|Taf4|Taf12|TfIIA-L|ear,-8.1
MyList_SUB1_MCODE_5,GO Biological Processes,19,GO:0006352,DNA-templated transcription initiation,19_GO:0009987 cellular process,-10,1.4e+02,26,5330,28,7,5,71,17,31773|39765|41406|43284|44451,Trf2|Taf4|Taf12|TfIIA-L|ear,-7.9
MyList_SUB1_MCODE_5,GO Biological Processes,19,GO:0006366,transcription by RNA polymerase II,19_GO:0009987 cellular process,-8.9,76,19,5330,50,7,5,71,17,31773|39765|41406|43284|44451,Trf2|Taf4|Taf12|TfIIA-L|ear,-6.7
MyList_SUB1_MCODE_5,KEGG Pathway,24,dme03022,Basal transcription factors - Drosophila melanogaster (fruit fly),,-8.6,1.8e+02,27,5330,17,7,4,57,19,31773|39765|41406|43284,Trf2|Taf4|Taf12|TfIIA-L,-6.5
MyList_SUB1_MCODE_5,GO Biological Processes,19,GO:0006351,DNA-templated transcription,19_GO:0009987 cellular process,-8.1,54,16,5330,71,7,5,71,17,31773|39765|41406|43284|44451,Trf2|Taf4|Taf12|TfIIA-L|ear,-6
MyList_SUB1_MCODE_5,Reactome Gene Sets,6,R-DME-73779,RNA Polymerase II Transcription Pre-Initiation And Promoter Opening,,-5.7,1.1e+02,18,5330,21,7,3,43,19,39765|41406|43284,Taf4|Taf12|TfIIA-L,-3.8
MyList_SUB1_MCODE_5,Reactome Gene Sets,6,R-DME-73776,RNA Polymerase II Promoter Escape,,-5.7,1.1e+02,18,5330,21,7,3,43,19,39765|41406|43284,Taf4|Taf12|TfIIA-L,-3.8
MyList_SUB1_MCODE_5,Reactome Gene Sets,6,R-DME-76042,RNA Polymerase II Transcription Initiation And Promoter Clearance,,-5.7,1.1e+02,18,5330,21,7,3,43,19,39765|41406|43284,Taf4|Taf12|TfIIA-L,-3.8
MyList_SUB1_MCODE_5,Reactome Gene Sets,6,R-DME-75953,RNA Polymerase II Transcription Initiation,,-5.7,1.1e+02,18,5330,21,7,3,43,19,39765|41406|43284,Taf4|Taf12|TfIIA-L,-3.8
MyList_SUB1_MCODE_5,Reactome Gene Sets,6,R-DME-674695,RNA Polymerase II Pre-transcription Events,,-4.8,53,12,5330,43,7,3,43,19,39765|41406|43284,Taf4|Taf12|TfIIA-L,-3
MyList_SUB1_MCODE_5,Reactome Gene Sets,6,R-DME-73857,RNA Polymerase II Transcription,,-2.3,7.5,4.2,5330,303,7,3,43,19,39765|41406|43284,Taf4|Taf12|TfIIA-L,-0.82
MyList_SUB1_MCODE_5,Reactome Gene Sets,6,R-DME-74160,Gene expression (Transcription),,-2,6.1,3.7,5330,373,7,3,43,19,39765|41406|43284,Taf4|Taf12|TfIIA-L,-0.62
MyList_SUB1_MCODE_6,KEGG Pathway,24,dme00061,Fatty acid biosynthesis - Drosophila melanogaster (fruit fly),,-13,3.7e+02,43,5330,12,6,5,83,15,33524|34822|36540|117361|3355111,FASN1|hll|CG16935|FASN2|FASN3,-10
MyList_SUB1_MCODE_6,KEGG Pathway,24,dme01212,Fatty acid metabolism - Drosophila melanogaster (fruit fly),,-9.9,1.1e+02,23,5330,41,6,5,83,15,33524|34822|36540|117361|3355111,FASN1|hll|CG16935|FASN2|FASN3,-7.6
MyList_SUB1_MCODE_6,GO Biological Processes,19,GO:0006633,fatty acid biosynthetic process,19_GO:0009987 cellular process,-8.5,1.6e+02,25,5330,22,6,4,67,19,33524|34822|117361|3355111,FASN1|hll|FASN2|FASN3,-6.3
MyList_SUB1_MCODE_6,GO Biological Processes,19,GO:0072330,monocarboxylic acid biosynthetic process,19_GO:0009987 cellular process,-8.2,1.4e+02,23,5330,26,6,4,67,19,33524|34822|117361|3355111,FASN1|hll|FASN2|FASN3,-6.1
MyList_SUB1_MCODE_6,GO Biological Processes,19,GO:0006631,fatty acid metabolic process,19_GO:0009987 cellular process,-8.1,49,16,5330,90,6,5,83,15,33524|34822|36540|117361|3355111,FASN1|hll|CG16935|FASN2|FASN3,-6
MyList_SUB1_MCODE_6,GO Biological Processes,19,GO:0019752,carboxylic acid metabolic process,19_GO:0009987 cellular process,-8,21,11,5330,253,6,6,1e+02,15,33524|34822|36540|42521|117361|3355111,FASN1|hll|CG16935|e|FASN2|FASN3,-5.9
MyList_SUB1_MCODE_6,GO Biological Processes,19,GO:0043436,oxoacid metabolic process,19_GO:0009987 cellular process,-8,21,11,5330,254,6,6,1e+02,15,33524|34822|36540|42521|117361|3355111,FASN1|hll|CG16935|e|FASN2|FASN3,-5.9
MyList_SUB1_MCODE_6,GO Biological Processes,19,GO:0006082,organic acid metabolic process,19_GO:0009987 cellular process,-7.9,21,11,5330,255,6,6,1e+02,15,33524|34822|36540|42521|117361|3355111,FASN1|hll|CG16935|e|FASN2|FASN3,-5.9
MyList_SUB1_MCODE_6,GO Biological Processes,19,GO:0032787,monocarboxylic acid metabolic process,19_GO:0009987 cellular process,-7.2,33,13,5330,135,6,5,83,15,33524|34822|36540|117361|3355111,FASN1|hll|CG16935|FASN2|FASN3,-5.2
MyList_SUB1_MCODE_6,GO Biological Processes,19,GO:0008610,lipid biosynthetic process,19_GO:0009987 cellular process,-7.1,31,12,5330,145,6,5,83,15,33524|34822|36540|117361|3355111,FASN1|hll|CG16935|FASN2|FASN3,-5.1
MyList_SUB1_MCODE_6,GO Biological Processes,19,GO:0046394,carboxylic acid biosynthetic process,19_GO:0009987 cellular process,-6.4,51,14,5330,70,6,4,67,19,33524|34822|117361|3355111,FASN1|hll|FASN2|FASN3,-4.4
MyList_SUB1_MCODE_6,GO Biological Processes,19,GO:0016053,organic acid biosynthetic process,19_GO:0009987 cellular process,-6.4,51,14,5330,70,6,4,67,19,33524|34822|117361|3355111,FASN1|hll|FASN2|FASN3,-4.4
MyList_SUB1_MCODE_6,GO Biological Processes,19,GO:0044281,small molecule metabolic process,19_GO:0009987 cellular process,-6.2,11,7.6,5330,505,6,6,1e+02,15,33524|34822|36540|42521|117361|3355111,FASN1|hll|CG16935|e|FASN2|FASN3,-4.2
MyList_SUB1_MCODE_6,GO Biological Processes,19,GO:0006629,lipid metabolic process,19_GO:0009987 cellular process,-5.5,15,8.4,5330,294,6,5,83,15,33524|34822|36540|117361|3355111,FASN1|hll|CG16935|FASN2|FASN3,-3.7
MyList_SUB1_MCODE_6,GO Biological Processes,19,GO:0044283,small molecule biosynthetic process,19_GO:0009987 cellular process,-5.2,25,9.8,5330,141,6,4,67,19,33524|34822|117361|3355111,FASN1|hll|FASN2|FASN3,-3.3
MyList_SUB1_MCODE_6,Reactome Gene Sets,6,R-DME-8978868,Fatty acid metabolism,,-4.1,31,9.5,5330,85,6,3,50,20,33524|34822|36540,FASN1|hll|CG16935,-2.4
MyList_SUB1_MCODE_6,GO Biological Processes,19,GO:0019725,cellular homeostasis,19_GO:0042592 homeostatic process,-3.4,18,7,5330,150,6,3,50,20,33524|34822|36540,FASN1|hll|CG16935,-1.7
MyList_SUB1_MCODE_6,GO Biological Processes,19,GO:0048878,chemical homeostasis,19_GO:0042592 homeostatic process,-3.2,15,6.3,5330,179,6,3,50,20,33524|34822|36540,FASN1|hll|CG16935,-1.6
MyList_SUB1_MCODE_6,Reactome Gene Sets,6,R-DME-556833,Metabolism of lipids,,-2.6,9.4,4.9,5330,285,6,3,50,20,33524|34822|36540,FASN1|hll|CG16935,-1.1
MyList_SUB1_MCODE_6,GO Biological Processes,19,GO:0042592,homeostatic process,19_GO:0042592 homeostatic process,-2.5,8.8,4.7,5330,303,6,3,50,20,33524|34822|36540,FASN1|hll|CG16935,-1
MyList_SUB1_MCODE_7,KEGG Pathway,24,dme03082,ATP-dependent chromatin remodeling - Drosophila melanogaster (fruit fly),,-5,63,14,5330,42,6,3,50,20,36238|37368|40657,E(Pc)|Act57B|Snr1,-3.2
MyList_SUB1_MCODE_7,GO Biological Processes,19,GO:0048813,dendrite morphogenesis,19_GO:0032502 developmental process,-4.3,37,10,5330,72,6,3,50,20,36238|40657|41852,E(Pc)|Snr1|Tm1,-2.6
MyList_SUB1_MCODE_7,GO Biological Processes,19,GO:0016358,dendrite development,19_GO:0032502 developmental process,-4.3,35,10,5330,77,6,3,50,20,36238|40657|41852,E(Pc)|Snr1|Tm1,-2.5
MyList_SUB1_MCODE_7,GO Biological Processes,19,GO:0031175,neuron projection development,19_GO:0032502 developmental process,-4.1,14,7.1,5330,257,6,4,67,19,36238|38021|40657|41852,E(Pc)|p130CAS|Snr1|Tm1,-2.4
MyList_SUB1_MCODE_7,GO Biological Processes,19,GO:0120036,plasma membrane bounded cell projection organization,19_GO:0009987 cellular process,-3.8,11,6.3,5330,318,6,4,67,19,36238|38021|40657|41852,E(Pc)|p130CAS|Snr1|Tm1,-2.1
MyList_SUB1_MCODE_7,GO Biological Processes,19,GO:0030030,cell projection organization,19_GO:0009987 cellular process,-3.7,11,6.2,5330,326,6,4,67,19,36238|38021|40657|41852,E(Pc)|p130CAS|Snr1|Tm1,-2.1
MyList_SUB1_MCODE_7,GO Biological Processes,19,GO:0048666,neuron development,19_GO:0032502 developmental process,-3.6,10,5.9,5330,351,6,4,67,19,36238|38021|40657|41852,E(Pc)|p130CAS|Snr1|Tm1,-1.9
MyList_SUB1_MCODE_7,GO Biological Processes,19,GO:0030182,neuron differentiation,19_GO:0032502 developmental process,-3.3,8.5,5.4,5330,418,6,4,67,19,36238|38021|40657|41852,E(Pc)|p130CAS|Snr1|Tm1,-1.7
MyList_SUB1_MCODE_7,GO Biological Processes,19,GO:0048699,generation of neurons,19_GO:0032502 developmental process,-3.2,8.1,5.2,5330,439,6,4,67,19,36238|38021|40657|41852,E(Pc)|p130CAS|Snr1|Tm1,-1.6
MyList_SUB1_MCODE_7,GO Biological Processes,19,GO:0006325,chromatin organization,19_GO:0009987 cellular process,-3.2,15,6.5,5330,172,6,3,50,20,31848|36238|40657,His3.3B|E(Pc)|Snr1,-1.6
MyList_SUB1_MCODE_7,Reactome Gene Sets,6,R-DME-212436,Generic Transcription Pathway,,-2.8,12,5.5,5330,231,6,3,50,20,31848|36238|40657,His3.3B|E(Pc)|Snr1,-1.3
MyList_SUB1_MCODE_7,GO Biological Processes,19,GO:0048667,cell morphogenesis involved in neuron differentiation,19_GO:0032502 developmental process,-2.8,11,5.4,5330,238,6,3,50,20,36238|40657|41852,E(Pc)|Snr1|Tm1,-1.3
MyList_SUB1_MCODE_7,GO Biological Processes,19,GO:0048812,neuron projection morphogenesis,19_GO:0032502 developmental process,-2.8,11,5.4,5330,239,6,3,50,20,36238|40657|41852,E(Pc)|Snr1|Tm1,-1.3
MyList_SUB1_MCODE_7,GO Biological Processes,19,GO:0120039,plasma membrane bounded cell projection morphogenesis,19_GO:0032502 developmental process,-2.8,11,5.4,5330,239,6,3,50,20,36238|40657|41852,E(Pc)|Snr1|Tm1,-1.3
MyList_SUB1_MCODE_7,GO Biological Processes,19,GO:0048858,cell projection morphogenesis,19_GO:0032502 developmental process,-2.8,11,5.4,5330,240,6,3,50,20,36238|40657|41852,E(Pc)|Snr1|Tm1,-1.2
MyList_SUB1_MCODE_7,GO Biological Processes,19,GO:0000902,cell morphogenesis,19_GO:0032502 developmental process,-2.6,9.3,4.8,5330,288,6,3,50,20,36238|40657|41852,E(Pc)|Snr1|Tm1,-1.1
MyList_SUB1_MCODE_7,Reactome Gene Sets,6,R-DME-73857,RNA Polymerase II Transcription,,-2.5,8.8,4.7,5330,303,6,3,50,20,31848|36238|40657,His3.3B|E(Pc)|Snr1,-1
MyList_SUB1_MCODE_7,Reactome Gene Sets,6,R-DME-74160,Gene expression (Transcription),,-2.2,7.1,4.1,5330,373,6,3,50,20,31848|36238|40657,His3.3B|E(Pc)|Snr1,-0.79
MyList_SUB1_MCODE_8,GO Biological Processes,19,GO:0007498,mesoderm development,19_GO:0032502 developmental process,-5.3,74,15,5330,43,5,3,60,22,31591|38988|39153,CG34417|Zasp66|CG43897,-3.4
MyList_SUB1_MCODE_8,GO Biological Processes,19,GO:0070925,organelle assembly,19_GO:0009987 cellular process,-3.5,18,7.2,5330,173,5,3,60,22,35349|38988|39148,Oseg5|Zasp66|Zasp67,-1.8
MyList_SUB1_MCODE_8,GO Biological Processes,19,GO:0030036,actin cytoskeleton organization,19_GO:0009987 cellular process,-3.4,17,6.9,5330,187,5,3,60,22,38988|39148|39153,Zasp66|Zasp67|CG43897,-1.7
MyList_SUB1_MCODE_8,GO Biological Processes,19,GO:0030029,actin filament-based process,19_GO:0009987 cellular process,-3.3,16,6.7,5330,194,5,3,60,22,38988|39148|39153,Zasp66|Zasp67|CG43897,-1.7
MyList_SUB1_MCODE_8,GO Biological Processes,19,GO:0009888,tissue development,19_GO:0032502 developmental process,-2.6,9.4,4.9,5330,341,5,3,60,22,31591|38988|39153,CG34417|Zasp66|CG43897,-1.1
MyList_SUB1_MCODE_8,GO Biological Processes,19,GO:0007010,cytoskeleton organization,19_GO:0009987 cellular process,-2.6,9.3,4.9,5330,343,5,3,60,22,38988|39148|39153,Zasp66|Zasp67|CG43897,-1.1
MyList_SUB1_MCODE_9,GO Biological Processes,19,GO:0040003,chitin-based cuticle development,19_GO:0032502 developmental process,-4.8,46,12,5330,86,4,3,75,22,34052|34812|38710,Acp1|Vajk3|Acp65Aa,-3
MyList_SUB1_MCODE_9,GO Biological Processes,19,GO:0042335,cuticle development,19_GO:0032502 developmental process,-4.5,38,11,5330,104,4,3,75,22,34052|34812|38710,Acp1|Vajk3|Acp65Aa,-2.8
MyList_SUB1_MCODE_11,Reactome Gene Sets,6,R-DME-114608,Platelet degranulation,,-7.5,72,17,5330,74,4,4,1e+02,22,32125|40078|40236|43642,Tango10|Acp76A|Spn77Bc|Spn100A,-5.4
MyList_SUB1_MCODE_11,Reactome Gene Sets,6,R-DME-76005,Response to elevated platelet cytosolic Ca2+,,-7.4,69,17,5330,77,4,4,1e+02,22,32125|40078|40236|43642,Tango10|Acp76A|Spn77Bc|Spn100A,-5.4
MyList_SUB1_MCODE_11,Reactome Gene Sets,6,R-DME-76002,"Platelet activation, signaling and aggregation",,-6.6,45,13,5330,118,4,4,1e+02,22,32125|40078|40236|43642,Tango10|Acp76A|Spn77Bc|Spn100A,-4.7
MyList_SUB1_MCODE_11,Reactome Gene Sets,6,R-DME-109582,Hemostasis,,-5.9,29,11,5330,181,4,4,1e+02,22,32125|40078|40236|43642,Tango10|Acp76A|Spn77Bc|Spn100A,-4
MyList_SUB1_MCODE_11,Reactome Gene Sets,6,R-DME-8957275,Post-translational protein phosphorylation,,-5.8,1e+02,17,5330,40,4,3,75,22,40078|40236|43642,Acp76A|Spn77Bc|Spn100A,-3.9
MyList_SUB1_MCODE_11,Reactome Gene Sets,6,R-DME-381426,Regulation of Insulin-like Growth Factor (IGF) transport and uptake by Insulin-like Growth Factor Binding Proteins (IGFBPs),,-5.8,1e+02,17,5330,40,4,3,75,22,40078|40236|43642,Acp76A|Spn77Bc|Spn100A,-3.9
MyList_SUB1_MCODE_11,Reactome Gene Sets,6,R-DME-6798695,Neutrophil degranulation,,-3.2,14,6.1,5330,294,4,3,75,22,40078|40236|43642,Acp76A|Spn77Bc|Spn100A,-1.6
MyList_SUB1_MCODE_11,Reactome Gene Sets,6,R-DME-168249,Innate Immune System,,-2.8,10,5.2,5330,395,4,3,75,22,40078|40236|43642,Acp76A|Spn77Bc|Spn100A,-1.3
MyList_SUB1_MCODE_11,Reactome Gene Sets,6,R-DME-597592,Post-translational protein modification,,-2.6,8.6,4.7,5330,463,4,3,75,22,40078|40236|43642,Acp76A|Spn77Bc|Spn100A,-1.1
MyList_SUB1_MCODE_13,GO Biological Processes,19,GO:1903432,regulation of TORC1 signaling,19_GO:0050896 response to stimulus,-9,1.7e+02,26,5330,32,4,4,1e+02,22,31137|32677|38176|39550,Lamtor5|Nprl2|Iml1|Nprl3,-6.8
MyList_SUB1_MCODE_13,GO Biological Processes,19,GO:0032006,regulation of TOR signaling,19_GO:0050896 response to stimulus,-8.6,1.4e+02,23,5330,39,4,4,1e+02,22,31137|32677|38176|39550,Lamtor5|Nprl2|Iml1|Nprl3,-6.5
MyList_SUB1_MCODE_13,GO Biological Processes,19,GO:0034198,cellular response to amino acid starvation,19_GO:0050896 response to stimulus,-7.9,4.4e+02,36,5330,9,4,3,75,22,32677|38176|39550,Nprl2|Iml1|Nprl3,-5.8
MyList_SUB1_MCODE_13,GO Biological Processes,19,GO:1990928,response to amino acid starvation,19_GO:0050896 response to stimulus,-7.7,4e+02,35,5330,10,4,3,75,22,32677|38176|39550,Nprl2|Iml1|Nprl3,-5.7
MyList_SUB1_MCODE_13,KEGG Pathway,24,dme04150,mTOR signaling pathway - Drosophila melanogaster (fruit fly),,-7.6,80,18,5330,67,4,4,1e+02,22,31137|32677|38176|39550,Lamtor5|Nprl2|Iml1|Nprl3,-5.6
MyList_SUB1_MCODE_13,GO Biological Processes,19,GO:1904262,negative regulation of TORC1 signaling,19_GO:0048519 negative regulation of biological process,-7.6,3.6e+02,33,5330,11,4,3,75,22,32677|38176|39550,Nprl2|Iml1|Nprl3,-5.5
MyList_SUB1_MCODE_13,GO Biological Processes,19,GO:0032007,negative regulation of TOR signaling,19_GO:0048519 negative regulation of biological process,-7.2,2.9e+02,29,5330,14,4,3,75,22,32677|38176|39550,Nprl2|Iml1|Nprl3,-5.2
MyList_SUB1_MCODE_13,GO Biological Processes,19,GO:0045792,negative regulation of cell size,19_GO:0065007 biological regulation,-7.1,2.7e+02,28,5330,15,4,3,75,22,32677|38176|39550,Nprl2|Iml1|Nprl3,-5.1
MyList_SUB1_MCODE_13,GO Biological Processes,19,GO:0010508,positive regulation of autophagy,19_GO:0048518 positive regulation of biological process,-5.9,1.1e+02,18,5330,36,4,3,75,22,32677|38176|39550,Nprl2|Iml1|Nprl3,-4
MyList_SUB1_MCODE_13,GO Biological Processes,19,GO:0009267,cellular response to starvation,19_GO:0050896 response to stimulus,-5.4,71,15,5330,56,4,3,75,22,32677|38176|39550,Nprl2|Iml1|Nprl3,-3.5
MyList_SUB1_MCODE_13,GO Biological Processes,19,GO:0031669,cellular response to nutrient levels,19_GO:0050896 response to stimulus,-5.3,68,14,5330,59,4,3,75,22,32677|38176|39550,Nprl2|Iml1|Nprl3,-3.4
MyList_SUB1_MCODE_13,GO Biological Processes,19,GO:1902531,regulation of intracellular signal transduction,19_GO:0050896 response to stimulus,-5.2,20,8.7,5330,265,4,4,1e+02,22,31137|32677|38176|39550,Lamtor5|Nprl2|Iml1|Nprl3,-3.4
MyList_SUB1_MCODE_13,GO Biological Processes,19,GO:0007293,germarium-derived egg chamber formation,19_GO:0022414 reproductive process,-5.1,58,13,5330,69,4,3,75,22,32677|38176|39550,Nprl2|Iml1|Nprl3,-3.3
MyList_SUB1_MCODE_13,GO Biological Processes,19,GO:0008361,regulation of cell size,19_GO:0065007 biological regulation,-5,53,12,5330,75,4,3,75,22,32677|38176|39550,Nprl2|Iml1|Nprl3,-3.2
MyList_SUB1_MCODE_13,GO Biological Processes,19,GO:0010506,regulation of autophagy,19_GO:0050789 regulation of biological process,-5,53,12,5330,75,4,3,75,22,32677|38176|39550,Nprl2|Iml1|Nprl3,-3.2
MyList_SUB1_MCODE_13,GO Biological Processes,19,GO:0042594,response to starvation,19_GO:0050896 response to stimulus,-4.7,44,11,5330,91,4,3,75,22,32677|38176|39550,Nprl2|Iml1|Nprl3,-2.9
MyList_SUB1_MCODE_13,GO Biological Processes,19,GO:1902532,negative regulation of intracellular signal transduction,19_GO:0048519 negative regulation of biological process,-4.6,41,11,5330,97,4,3,75,22,32677|38176|39550,Nprl2|Iml1|Nprl3,-2.9
MyList_SUB1_MCODE_13,GO Biological Processes,19,GO:0031667,response to nutrient levels,19_GO:0050896 response to stimulus,-4.6,39,11,5330,102,4,3,75,22,32677|38176|39550,Nprl2|Iml1|Nprl3,-2.8
MyList_SUB1_MCODE_13,GO Biological Processes,19,GO:0009896,positive regulation of catabolic process,19_GO:0048518 positive regulation of biological process,-4.4,35,10,5330,115,4,3,75,22,32677|38176|39550,Nprl2|Iml1|Nprl3,-2.7
MyList_SUB1_MCODE_13,GO Biological Processes,19,GO:0032535,regulation of cellular component size,19_GO:0065007 biological regulation,-4.3,32,9.6,5330,126,4,3,75,22,32677|38176|39550,Nprl2|Iml1|Nprl3,-2.5
MyList_SUB1_MCODE_13,GO Biological Processes,19,GO:0090066,regulation of anatomical structure size,19_GO:0065007 biological regulation,-3.9,24,8.2,5330,170,4,3,75,22,32677|38176|39550,Nprl2|Iml1|Nprl3,-2.2
MyList_SUB1_MCODE_13,GO Biological Processes,19,GO:0009894,regulation of catabolic process,19_GO:0050789 regulation of biological process,-3.7,20,7.5,5330,199,4,3,75,22,32677|38176|39550,Nprl2|Iml1|Nprl3,-2
MyList_SUB1_MCODE_13,GO Biological Processes,19,GO:0009968,negative regulation of signal transduction,19_GO:0048519 negative regulation of biological process,-3.4,16,6.6,5330,257,4,3,75,22,32677|38176|39550,Nprl2|Iml1|Nprl3,-1.7
MyList_SUB1_MCODE_13,GO Biological Processes,19,GO:0010648,negative regulation of cell communication,19_GO:0048519 negative regulation of biological process,-3.3,15,6.4,5330,268,4,3,75,22,32677|38176|39550,Nprl2|Iml1|Nprl3,-1.7
MyList_SUB1_MCODE_13,GO Biological Processes,19,GO:0023057,negative regulation of signaling,19_GO:0048519 negative regulation of biological process,-3.3,15,6.4,5330,269,4,3,75,22,32677|38176|39550,Nprl2|Iml1|Nprl3,-1.7
MyList_SUB1_MCODE_13,GO Biological Processes,19,GO:0048585,negative regulation of response to stimulus,19_GO:0048519 negative regulation of biological process,-3.3,14,6.3,5330,280,4,3,75,22,32677|38176|39550,Nprl2|Iml1|Nprl3,-1.6
MyList_SUB1_MCODE_13,GO Biological Processes,19,GO:0048646,anatomical structure formation involved in morphogenesis,19_GO:0032502 developmental process,-3.2,14,6.2,5330,283,4,3,75,22,32677|38176|39550,Nprl2|Iml1|Nprl3,-1.6
MyList_SUB1_MCODE_13,GO Biological Processes,19,GO:0033554,cellular response to stress,19_GO:0050896 response to stimulus,-3.2,14,6.1,5330,291,4,3,75,22,32677|38176|39550,Nprl2|Iml1|Nprl3,-1.6
MyList_SUB1_MCODE_13,GO Biological Processes,19,GO:0048477,oogenesis,19_GO:0022414 reproductive process,-3,12,5.6,5330,347,4,3,75,22,32677|38176|39550,Nprl2|Iml1|Nprl3,-1.4
MyList_SUB1_MCODE_13,GO Biological Processes,19,GO:0007292,female gamete generation,19_GO:0022414 reproductive process,-2.9,11,5.4,5330,359,4,3,75,22,32677|38176|39550,Nprl2|Iml1|Nprl3,-1.4
MyList_SUB1_MCODE_13,GO Biological Processes,19,GO:0007281,germ cell development,19_GO:0022414 reproductive process,-2.8,10,5.1,5330,397,4,3,75,22,32677|38176|39550,Nprl2|Iml1|Nprl3,-1.3
MyList_SUB1_MCODE_16,GO Biological Processes,19,GO:0006260,DNA replication,19_GO:0009987 cellular process,-6.7,1.7e+02,23,5330,31,3,3,1e+02,27,32113|33571|41296,RPA3|tim|Mcm5,-4.8
MyList_SUB1_MCODE_16,GO Biological Processes,19,GO:0006281,DNA repair,19_GO:0050896 response to stimulus,-5.7,81,15,5330,66,3,3,1e+02,27,32113|33571|41296,RPA3|tim|Mcm5,-3.8
MyList_SUB1_MCODE_16,GO Biological Processes,19,GO:0006974,DNA damage response,19_GO:0050896 response to stimulus,-5.2,54,13,5330,98,3,3,1e+02,27,32113|33571|41296,RPA3|tim|Mcm5,-3.4
MyList_SUB1_MCODE_16,GO Biological Processes,19,GO:0006259,DNA metabolic process,19_GO:0009987 cellular process,-5.1,51,12,5330,105,3,3,1e+02,27,32113|33571|41296,RPA3|tim|Mcm5,-3.3
MyList_SUB1_MCODE_16,GO Biological Processes,19,GO:0033554,cellular response to stress,19_GO:0050896 response to stimulus,-3.8,18,7.2,5330,291,3,3,1e+02,27,32113|33571|41296,RPA3|tim|Mcm5,-2.1
MyList_SUB6_MCODE_17,GO Biological Processes,19,GO:0006719,juvenile hormone catabolic process,19_GO:0065007 biological regulation,-10,1.8e+03,73,5330,3,3,3,1e+02,27,37181|37182|251984,Jheh2|Jheh3|Jheh1,-8.1
MyList_SUB6_MCODE_17,GO Biological Processes,19,GO:0042447,hormone catabolic process,19_GO:0065007 biological regulation,-10,1.8e+03,73,5330,3,3,3,1e+02,27,37181|37182|251984,Jheh2|Jheh3|Jheh1,-8.1
MyList_SUB6_MCODE_17,GO Biological Processes,19,GO:0016115,terpenoid catabolic process,19_GO:0009987 cellular process,-10,1.8e+03,73,5330,3,3,3,1e+02,27,37181|37182|251984,Jheh2|Jheh3|Jheh1,-8.1
MyList_SUB6_MCODE_17,GO Biological Processes,19,GO:0016107,sesquiterpenoid catabolic process,19_GO:0009987 cellular process,-10,1.8e+03,73,5330,3,3,3,1e+02,27,37181|37182|251984,Jheh2|Jheh3|Jheh1,-8.1
MyList_SUB6_MCODE_17,GO Biological Processes,19,GO:0097176,epoxide metabolic process,19_GO:0009987 cellular process,-10,1.8e+03,73,5330,3,3,3,1e+02,27,37181|37182|251984,Jheh2|Jheh3|Jheh1,-8.1
MyList_SUB6_MCODE_17,GO Biological Processes,19,GO:0008300,isoprenoid catabolic process,19_GO:0009987 cellular process,-9.8,1.3e+03,63,5330,4,3,3,1e+02,27,37181|37182|251984,Jheh2|Jheh3|Jheh1,-7.5
MyList_SUB6_MCODE_17,GO Biological Processes,19,GO:0006716,juvenile hormone metabolic process,19_GO:0065007 biological regulation,-9.8,1.3e+03,63,5330,4,3,3,1e+02,27,37181|37182|251984,Jheh2|Jheh3|Jheh1,-7.5
MyList_SUB6_MCODE_17,GO Biological Processes,19,GO:0006714,sesquiterpenoid metabolic process,19_GO:0009987 cellular process,-9.8,1.3e+03,63,5330,4,3,3,1e+02,27,37181|37182|251984,Jheh2|Jheh3|Jheh1,-7.5
MyList_SUB6_MCODE_17,GO Biological Processes,19,GO:0018904,ether metabolic process,19_GO:0009987 cellular process,-9.1,8.9e+02,52,5330,6,3,3,1e+02,27,37181|37182|251984,Jheh2|Jheh3|Jheh1,-6.9
MyList_SUB6_MCODE_17,GO Biological Processes,19,GO:0006721,terpenoid metabolic process,19_GO:0009987 cellular process,-7.8,3.8e+02,34,5330,14,3,3,1e+02,27,37181|37182|251984,Jheh2|Jheh3|Jheh1,-5.8
MyList_SUB6_MCODE_17,KEGG Pathway,24,dme00981,Insect hormone biosynthesis - Drosophila melanogaster (fruit fly),,-7.7,3.6e+02,33,5330,15,3,3,1e+02,27,37181|37182|251984,Jheh2|Jheh3|Jheh1,-5.7
MyList_SUB6_MCODE_17,GO Biological Processes,19,GO:0006720,isoprenoid metabolic process,19_GO:0009987 cellular process,-7.3,2.5e+02,28,5330,21,3,3,1e+02,27,37181|37182|251984,Jheh2|Jheh3|Jheh1,-5.3
MyList_SUB6_MCODE_17,GO Biological Processes,19,GO:0042445,hormone metabolic process,19_GO:0065007 biological regulation,-7.2,2.3e+02,26,5330,23,3,3,1e+02,27,37181|37182|251984,Jheh2|Jheh3|Jheh1,-5.2
MyList_SUB6_MCODE_17,Reactome Gene Sets,6,R-DME-211945,Phase I - Functionalization of compounds,,-6.7,1.7e+02,22,5330,32,3,3,1e+02,27,37181|37182|251984,Jheh2|Jheh3|Jheh1,-4.7
MyList_SUB6_MCODE_17,GO Biological Processes,19,GO:0010817,regulation of hormone levels,19_GO:0065007 biological regulation,-6.3,1.2e+02,19,5330,44,3,3,1e+02,27,37181|37182|251984,Jheh2|Jheh3|Jheh1,-4.3
MyList_SUB6_MCODE_17,Reactome Gene Sets,6,R-DME-211859,Biological oxidations,,-5.7,77,15,5330,69,3,3,1e+02,27,37181|37182|251984,Jheh2|Jheh3|Jheh1,-3.8
MyList_SUB6_MCODE_17,GO Biological Processes,19,GO:0016042,lipid catabolic process,19_GO:0009987 cellular process,-5.6,70,14,5330,76,3,3,1e+02,27,37181|37182|251984,Jheh2|Jheh3|Jheh1,-3.7
MyList_SUB6_MCODE_17,GO Biological Processes,19,GO:0006629,lipid metabolic process,19_GO:0009987 cellular process,-3.8,18,7.2,5330,294,3,3,1e+02,27,37181|37182|251984,Jheh2|Jheh3|Jheh1,-2.1
MyList_SUB6_MCODE_17,GO Biological Processes,19,GO:0044281,small molecule metabolic process,19_GO:0009987 cellular process,-3.1,11,5.4,5330,505,3,3,1e+02,27,37181|37182|251984,Jheh2|Jheh3|Jheh1,-1.5
